"id","groupId","userId","status","role","createdAt","updatedAt"
"1","50","237","approved","administrator","2021-07-04 22:22:49","2021-07-07 22:22:49"
"2","72","39","approved","administrator","2021-08-24 01:38:40","2021-08-28 01:38:40"
"3","87","98","approved","administrator","2021-08-14 01:29:21","2021-08-15 01:29:21"
"4","91","241","approved","administrator","2021-08-08 01:11:23","2021-08-11 01:11:23"
"5","30","82","approved","administrator","2021-07-07 19:43:55","2021-07-09 19:43:55"
"6","54","117","approved","administrator","2021-07-17 18:51:42","2021-07-23 18:51:42"
"7","32","201","approved","administrator","2021-08-18 15:57:31","2021-08-23 15:57:31"
"8","22","213","approved","administrator","2021-08-19 21:00:45","2021-08-26 21:00:45"
"9","57","297","approved","administrator","2021-08-17 03:39:12","2021-08-23 03:39:12"
"10","82","54","approved","administrator","2021-08-12 14:04:51","2021-08-13 14:04:51"
"11","70","59","approved","administrator","2021-08-24 17:19:58","2021-08-27 17:19:58"
"12","50","93","approved","administrator","2021-07-18 15:18:34","2021-07-24 15:18:34"
"13","92","101","approved","administrator","2021-08-19 08:41:23","2021-08-28 08:41:23"
"14","45","274","approved","administrator","2021-07-01 15:44:49","2021-07-02 15:44:49"
"15","53","214","approved","administrator","2021-08-03 16:23:59","2021-08-09 16:23:59"
"16","55","43","approved","administrator","2021-08-09 17:48:29","2021-08-18 17:48:29"
"17","14","161","approved","administrator","2021-08-13 01:04:30","2021-08-17 01:04:30"
"18","98","295","approved","administrator","2021-07-31 02:07:57","2021-08-05 02:07:57"
"19","86","266","approved","administrator","2021-07-01 08:38:55","2021-07-04 08:38:55"
"20","47","193","approved","administrator","2021-07-18 12:07:37","2021-07-20 12:07:37"
"21","25","272","approved","administrator","2021-07-11 02:09:09","2021-07-13 02:09:09"
"22","86","133","approved","administrator","2021-07-13 13:20:41","2021-07-23 13:20:41"
"23","18","179","approved","administrator","2021-07-23 21:48:15","2021-07-27 21:48:15"
"24","35","192","approved","administrator","2021-08-24 09:22:11","2021-08-28 09:22:11"
"25","97","34","approved","administrator","2021-08-15 22:12:41","2021-08-18 22:12:41"
"26","53","206","approved","administrator","2021-08-17 15:35:29","2021-08-18 15:35:29"
"27","96","52","approved","administrator","2021-08-17 11:29:54","2021-08-19 11:29:54"
"28","89","199","approved","administrator","2021-08-01 05:38:08","2021-08-03 05:38:08"
"29","85","132","approved","administrator","2021-07-25 05:27:57","2021-07-28 05:27:57"
"30","98","99","approved","administrator","2021-08-24 15:16:35","2021-09-01 15:16:35"
"31","37","267","approved","administrator","2021-07-27 03:09:01","2021-08-01 03:09:01"
"32","56","151","approved","administrator","2021-08-04 02:25:24","2021-08-10 02:25:24"
"33","80","187","approved","administrator","2021-07-10 22:38:40","2021-07-11 22:38:40"
"34","54","115","approved","administrator","2021-07-21 12:07:41","2021-07-28 12:07:41"
"35","100","178","approved","administrator","2021-08-10 09:43:30","2021-08-14 09:43:30"
"36","31","124","approved","administrator","2021-08-04 15:48:13","2021-08-13 15:48:13"
"37","74","181","approved","administrator","2021-07-02 11:13:28","2021-07-12 11:13:28"
"38","54","7","approved","administrator","2021-08-13 01:48:04","2021-08-15 01:48:04"
"39","10","249","approved","administrator","2021-08-09 19:27:48","2021-08-14 19:27:48"
"40","39","178","approved","administrator","2021-08-08 17:03:24","2021-08-11 17:03:24"
"41","59","269","approved","administrator","2021-08-16 15:17:27","2021-08-25 15:17:27"
"42","2","60","approved","administrator","2021-08-16 03:27:13","2021-08-18 03:27:13"
"43","31","68","approved","administrator","2021-08-18 03:11:11","2021-08-24 03:11:11"
"44","58","98","approved","administrator","2021-07-17 02:51:16","2021-07-24 02:51:16"
"45","84","129","approved","administrator","2021-08-05 10:42:54","2021-08-14 10:42:54"
"46","73","62","approved","administrator","2021-08-12 10:03:45","2021-08-17 10:03:45"
"47","12","298","approved","administrator","2021-08-08 20:49:10","2021-08-16 20:49:10"
"48","64","54","approved","administrator","2021-07-16 15:04:59","2021-07-18 15:04:59"
"49","93","2","approved","administrator","2021-07-17 22:40:41","2021-07-23 22:40:41"
"50","86","17","approved","administrator","2021-07-02 17:20:03","2021-07-03 17:20:03"
"51","43","84","approved","administrator","2021-07-27 06:35:14","2021-08-02 06:35:14"
"52","49","130","approved","administrator","2021-07-09 13:09:55","2021-07-15 13:09:55"
"53","33","273","approved","administrator","2021-08-09 19:49:34","2021-08-14 19:49:34"
"54","48","48","approved","administrator","2021-08-03 14:07:37","2021-08-05 14:07:37"
"55","91","11","approved","administrator","2021-08-22 23:52:29","2021-08-24 23:52:29"
"56","81","221","approved","administrator","2021-08-22 15:26:12","2021-08-30 15:26:12"
"57","3","238","approved","administrator","2021-08-11 09:49:55","2021-08-13 09:49:55"
"58","34","26","approved","administrator","2021-08-02 17:58:24","2021-08-04 17:58:24"
"59","43","146","approved","administrator","2021-07-19 21:02:21","2021-07-27 21:02:21"
"60","96","84","approved","administrator","2021-07-13 20:38:58","2021-07-17 20:38:58"
"61","78","242","approved","administrator","2021-08-04 22:17:53","2021-08-09 22:17:53"
"62","77","282","approved","administrator","2021-07-11 23:51:10","2021-07-20 23:51:10"
"63","71","114","approved","administrator","2021-08-21 02:23:38","2021-08-23 02:23:38"
"64","68","275","approved","administrator","2021-07-24 14:20:28","2021-07-27 14:20:28"
"65","44","109","approved","administrator","2021-08-24 15:20:49","2021-08-28 15:20:49"
"66","97","36","approved","administrator","2021-08-06 03:22:16","2021-08-12 03:22:16"
"67","80","231","approved","administrator","2021-08-20 11:56:46","2021-08-27 11:56:46"
"68","34","233","approved","administrator","2021-07-31 19:40:54","2021-08-05 19:40:54"
"69","5","146","approved","administrator","2021-07-02 12:59:21","2021-07-08 12:59:21"
"70","41","181","approved","administrator","2021-07-16 11:02:28","2021-07-23 11:02:28"
"71","2","274","approved","administrator","2021-08-08 00:55:01","2021-08-16 00:55:01"
"72","11","115","approved","administrator","2021-07-12 07:08:56","2021-07-15 07:08:56"
"73","41","184","approved","administrator","2021-08-18 12:13:31","2021-08-21 12:13:31"
"74","34","173","approved","administrator","2021-08-23 09:38:50","2021-08-28 09:38:50"
"75","89","187","approved","administrator","2021-07-01 21:55:47","2021-07-09 21:55:47"
"76","65","100","approved","administrator","2021-07-10 15:47:04","2021-07-11 15:47:04"
"77","67","226","approved","administrator","2021-08-24 20:02:06","2021-09-03 20:02:06"
"78","96","255","approved","administrator","2021-07-06 04:10:18","2021-07-10 04:10:18"
"79","43","8","approved","administrator","2021-08-13 17:50:34","2021-08-19 17:50:34"
"80","60","86","approved","administrator","2021-08-02 08:50:31","2021-08-03 08:50:31"
"81","1","237","approved","administrator","2021-08-22 06:58:48","2021-08-31 06:58:48"
"82","76","122","approved","administrator","2021-08-01 06:21:07","2021-08-02 06:21:07"
"83","18","127","approved","administrator","2021-08-12 13:33:57","2021-08-15 13:33:57"
"84","72","228","approved","administrator","2021-08-08 12:10:19","2021-08-11 12:10:19"
"85","1","162","approved","administrator","2021-07-06 11:29:12","2021-07-11 11:29:12"
"86","78","52","approved","administrator","2021-07-31 05:12:49","2021-08-08 05:12:49"
"87","88","159","approved","administrator","2021-08-23 04:46:35","2021-08-27 04:46:35"
"88","42","112","approved","administrator","2021-07-10 10:52:51","2021-07-16 10:52:51"
"89","88","168","approved","administrator","2021-07-09 18:07:09","2021-07-16 18:07:09"
"90","64","169","approved","administrator","2021-08-04 17:50:33","2021-08-12 17:50:33"
"91","24","146","approved","administrator","2021-07-17 02:03:30","2021-07-19 02:03:30"
"92","73","178","approved","administrator","2021-07-01 02:46:16","2021-07-08 02:46:16"
"93","62","180","approved","administrator","2021-08-16 11:44:11","2021-08-25 11:44:11"
"94","88","130","approved","administrator","2021-07-27 15:31:06","2021-08-03 15:31:06"
"95","19","43","approved","administrator","2021-08-08 07:08:17","2021-08-10 07:08:17"
"96","4","82","approved","administrator","2021-08-09 15:24:59","2021-08-12 15:24:59"
"97","25","241","approved","administrator","2021-08-03 14:37:23","2021-08-12 14:37:23"
"98","23","124","approved","administrator","2021-08-01 14:25:48","2021-08-04 14:25:48"
"99","38","128","approved","administrator","2021-08-16 09:19:48","2021-08-24 09:19:48"
"100","77","131","approved","administrator","2021-07-06 13:16:56","2021-07-13 13:16:56"
"101","12","12","rejected","member","2021-07-05 19:10:49","2021-07-07 19:10:49"
"103","81","107","rejected","member","2021-07-07 01:58:40","2021-07-10 01:58:40"
"104","19","73","new","member","2021-08-18 23:20:03",NULL
"105","29","269","approved","member","2021-07-26 10:43:27","2021-08-02 10:43:27"
"106","30","131","new","member","2021-08-24 15:52:15",NULL
"107","50","158","approved","member","2021-07-24 00:53:15","2021-07-31 00:53:15"
"108","77","184","new","member","2021-07-01 05:20:15",NULL
"109","26","169","rejected","member","2021-08-18 21:24:57","2021-08-26 21:24:57"
"110","2","233","rejected","member","2021-07-15 02:50:31","2021-07-22 02:50:31"
"111","62","217","new","member","2021-08-12 18:55:19",NULL
"112","34","47","approved","member","2021-08-15 07:27:28","2021-08-24 07:27:28"
"113","30","266","new","member","2021-08-21 10:31:00",NULL
"114","43","33","new","member","2021-08-15 08:40:54",NULL
"115","97","145","rejected","member","2021-08-20 14:07:18","2021-08-22 14:07:18"
"116","1","18","approved","member","2021-07-07 04:56:56","2021-07-14 04:56:56"
"117","89","241","new","member","2021-08-20 04:31:35",NULL
"118","71","151","approved","member","2021-07-06 19:51:25","2021-07-07 19:51:25"
"119","92","153","new","member","2021-07-03 12:29:18",NULL
"120","72","149","rejected","member","2021-07-30 21:48:58","2021-08-08 21:48:58"
"121","92","143","approved","member","2021-08-04 01:44:04","2021-08-11 01:44:04"
"122","37","207","rejected","member","2021-07-21 22:37:01","2021-07-31 22:37:01"
"123","61","37","approved","member","2021-07-10 16:31:24","2021-07-13 16:31:24"
"124","70","181","approved","member","2021-08-23 21:44:02","2021-08-30 21:44:02"
"126","40","240","rejected","member","2021-07-15 04:30:47","2021-07-23 04:30:47"
"127","62","4","new","member","2021-08-11 02:03:45",NULL
"128","58","21","approved","member","2021-08-23 18:18:39","2021-08-26 18:18:39"
"129","50","248","rejected","member","2021-08-19 22:25:54","2021-08-25 22:25:54"
"130","8","199","approved","member","2021-08-19 17:22:15","2021-08-25 17:22:15"
"131","65","85","new","member","2021-07-30 04:51:46",NULL
"132","60","139","rejected","member","2021-07-23 17:11:51","2021-07-28 17:11:51"
"133","24","9","new","member","2021-07-25 13:34:47",NULL
"134","19","40","rejected","member","2021-07-16 08:52:42","2021-07-18 08:52:42"
"135","23","83","approved","member","2021-07-05 21:26:51","2021-07-15 21:26:51"
"136","45","66","new","member","2021-08-20 08:13:52",NULL
"137","32","7","approved","member","2021-08-24 12:33:56","2021-08-30 12:33:56"
"138","71","47","approved","member","2021-07-31 12:55:02","2021-08-01 12:55:02"
"139","7","172","rejected","member","2021-07-06 17:09:10","2021-07-14 17:09:10"
"140","49","81","new","member","2021-08-16 03:12:40",NULL
"141","94","172","new","member","2021-07-07 19:29:29",NULL
"142","29","33","new","member","2021-07-27 12:49:41",NULL
"143","53","222","new","member","2021-07-27 20:14:51",NULL
"144","86","204","new","member","2021-07-14 10:33:24",NULL
"145","47","75","rejected","member","2021-08-13 05:57:39","2021-08-18 05:57:39"
"146","4","256","rejected","member","2021-07-28 15:56:24","2021-08-02 15:56:24"
"147","44","188","approved","member","2021-07-27 22:02:02","2021-07-29 22:02:02"
"148","75","83","approved","member","2021-07-31 21:56:14","2021-08-06 21:56:14"
"149","33","57","rejected","member","2021-07-18 23:15:59","2021-07-23 23:15:59"
"150","57","70","new","member","2021-07-25 16:14:07",NULL
"151","62","123","approved","member","2021-07-14 00:08:04","2021-07-24 00:08:04"
"152","26","178","rejected","member","2021-08-20 02:24:55","2021-08-26 02:24:55"
"153","62","179","rejected","member","2021-08-12 22:16:40","2021-08-16 22:16:40"
"154","16","55","new","member","2021-07-07 01:50:27",NULL
"155","98","178","new","member","2021-07-01 21:53:43",NULL
"156","41","287","rejected","member","2021-08-15 02:27:03","2021-08-17 02:27:03"
"157","56","246","rejected","member","2021-07-25 07:35:36","2021-07-28 07:35:36"
"158","83","275","new","member","2021-08-06 16:12:42",NULL
"159","62","102","rejected","member","2021-07-25 18:54:17","2021-07-26 18:54:17"
"160","69","32","approved","member","2021-07-24 02:26:06","2021-07-31 02:26:06"
"161","53","58","rejected","member","2021-07-11 09:54:42","2021-07-20 09:54:42"
"162","78","136","approved","member","2021-07-21 12:00:23","2021-07-24 12:00:23"
"163","4","102","approved","member","2021-08-19 17:06:18","2021-08-24 17:06:18"
"164","39","168","rejected","member","2021-07-05 03:13:36","2021-07-08 03:13:36"
"165","70","16","approved","member","2021-07-18 20:42:42","2021-07-25 20:42:42"
"166","100","153","rejected","member","2021-07-21 23:54:00","2021-07-27 23:54:00"
"167","54","127","approved","member","2021-08-03 12:14:35","2021-08-05 12:14:35"
"168","56","184","rejected","member","2021-07-26 09:34:39","2021-07-27 09:34:39"
"169","13","223","rejected","member","2021-08-24 16:21:43","2021-08-29 16:21:43"
"170","62","178","new","member","2021-07-04 19:59:44",NULL
"171","94","193","new","member","2021-08-02 12:39:17",NULL
"172","52","76","approved","member","2021-08-20 14:12:09","2021-08-30 14:12:09"
"173","18","230","rejected","member","2021-07-20 12:21:21","2021-07-23 12:21:21"
"174","29","231","approved","member","2021-08-08 07:44:59","2021-08-14 07:44:59"
"175","4","137","new","member","2021-07-15 20:47:18",NULL
"176","13","176","rejected","member","2021-07-19 06:24:05","2021-07-22 06:24:05"
"177","46","257","approved","member","2021-07-22 07:43:10","2021-08-01 07:43:10"
"178","24","129","approved","member","2021-07-22 17:28:01","2021-07-27 17:28:01"
"179","16","25","rejected","member","2021-07-06 17:26:21","2021-07-11 17:26:21"
"180","71","222","new","member","2021-08-21 18:32:21",NULL
"181","100","40","approved","member","2021-08-22 15:33:15","2021-09-01 15:33:15"
"182","22","235","approved","member","2021-07-21 22:32:23","2021-07-31 22:32:23"
"183","7","57","new","member","2021-08-24 09:46:10",NULL
"184","64","285","approved","member","2021-08-08 16:52:19","2021-08-18 16:52:19"
"185","66","49","new","member","2021-07-10 05:32:36",NULL
"186","68","138","approved","member","2021-07-28 15:47:42","2021-07-31 15:47:42"
"187","89","235","new","member","2021-07-15 03:52:29",NULL
"188","73","99","rejected","member","2021-07-12 00:23:59","2021-07-16 00:23:59"
"189","36","42","approved","member","2021-07-30 05:50:39","2021-08-01 05:50:39"
"190","28","115","rejected","member","2021-08-03 04:31:02","2021-08-06 04:31:02"
"191","57","287","rejected","member","2021-07-21 23:43:18","2021-07-22 23:43:18"
"192","65","183","rejected","member","2021-08-08 11:07:31","2021-08-17 11:07:31"
"193","50","267","approved","member","2021-08-09 07:09:54","2021-08-16 07:09:54"
"194","10","282","new","member","2021-07-15 10:39:50",NULL
"195","89","145","approved","member","2021-07-25 18:39:44","2021-07-30 18:39:44"
"196","20","12","new","member","2021-07-03 16:45:54",NULL
"197","3","127","rejected","member","2021-08-18 12:28:41","2021-08-21 12:28:41"
"198","86","215","rejected","member","2021-07-03 07:08:34","2021-07-09 07:08:34"
"199","41","194","approved","member","2021-07-07 11:08:16","2021-07-11 11:08:16"
"200","76","237","new","member","2021-07-11 16:40:31",NULL
"201","39","261","approved","member","2021-07-18 09:18:40","2021-07-27 09:18:40"
"202","42","259","approved","member","2021-07-17 11:25:22","2021-07-18 11:25:22"
"203","93","90","approved","member","2021-07-05 03:48:58","2021-07-12 03:48:58"
"204","57","11","new","member","2021-08-19 15:18:45",NULL
"205","73","70","approved","member","2021-07-01 17:48:49","2021-07-05 17:48:49"
"206","77","237","rejected","member","2021-07-17 19:07:03","2021-07-18 19:07:03"
"207","15","42","rejected","member","2021-08-06 02:12:23","2021-08-07 02:12:23"
"208","75","261","new","member","2021-08-02 20:37:10",NULL
"209","1","236","rejected","member","2021-08-08 04:31:20","2021-08-17 04:31:20"
"210","34","181","rejected","member","2021-07-04 01:38:52","2021-07-08 01:38:52"
"211","58","265","rejected","member","2021-07-03 04:37:14","2021-07-09 04:37:14"
"212","41","205","approved","member","2021-08-04 10:44:06","2021-08-11 10:44:06"
"213","80","226","rejected","member","2021-08-23 18:33:42","2021-08-28 18:33:42"
"214","91","277","new","member","2021-08-24 11:14:47",NULL
"215","26","20","approved","member","2021-08-22 00:51:14","2021-08-31 00:51:14"
"216","11","116","rejected","member","2021-08-10 21:19:41","2021-08-11 21:19:41"
"217","25","160","new","member","2021-07-04 02:15:53",NULL
"218","73","194","approved","member","2021-08-08 19:57:34","2021-08-12 19:57:34"
"219","65","170","approved","member","2021-08-15 01:58:12","2021-08-20 01:58:12"
"220","7","34","approved","member","2021-08-22 14:12:35","2021-09-01 14:12:35"
"221","93","24","approved","member","2021-07-13 21:01:14","2021-07-21 21:01:14"
"222","58","126","rejected","member","2021-08-12 20:30:46","2021-08-18 20:30:46"
"223","60","95","approved","member","2021-07-30 22:29:55","2021-08-04 22:29:55"
"224","41","176","new","member","2021-07-24 18:04:54",NULL
"225","93","230","new","member","2021-08-22 10:42:06",NULL
"226","89","85","approved","member","2021-07-05 16:43:31","2021-07-08 16:43:31"
"227","97","204","new","member","2021-08-12 21:59:07",NULL
"229","25","63","approved","member","2021-07-18 06:06:46","2021-07-19 06:06:46"
"230","91","192","rejected","member","2021-07-31 12:54:25","2021-08-03 12:54:25"
"231","55","92","approved","member","2021-07-25 00:07:08","2021-07-29 00:07:08"
"232","92","99","approved","member","2021-08-14 23:03:59","2021-08-16 23:03:59"
"233","95","19","approved","member","2021-08-23 08:59:43","2021-08-26 08:59:43"
"234","19","273","rejected","member","2021-07-27 00:36:17","2021-08-01 00:36:17"
"235","98","205","approved","member","2021-07-22 08:53:08","2021-08-01 08:53:08"
"236","75","268","new","member","2021-08-06 16:12:20",NULL
"237","70","129","rejected","member","2021-08-19 23:32:37","2021-08-26 23:32:37"
"238","60","37","rejected","member","2021-07-01 19:17:36","2021-07-07 19:17:36"
"239","46","127","new","member","2021-07-13 22:31:58",NULL
"240","91","53","new","member","2021-07-22 15:15:03",NULL
"241","74","204","new","member","2021-07-24 15:47:30",NULL
"242","57","97","new","member","2021-07-30 07:23:45",NULL
"243","95","72","new","member","2021-07-30 00:16:08",NULL
"244","23","226","new","member","2021-08-20 03:52:17",NULL
"245","4","247","new","member","2021-08-17 15:49:38",NULL
"246","12","264","rejected","member","2021-08-10 05:38:06","2021-08-19 05:38:06"
"247","68","283","approved","member","2021-07-14 11:15:13","2021-07-17 11:15:13"
"248","66","278","new","member","2021-07-23 23:04:50",NULL
"249","79","78","new","member","2021-07-25 20:47:36",NULL
"250","19","72","approved","member","2021-08-05 16:59:28","2021-08-15 16:59:28"
"251","24","174","approved","member","2021-08-13 21:25:36","2021-08-23 21:25:36"
"252","30","197","approved","member","2021-07-18 23:46:26","2021-07-20 23:46:26"
"253","70","201","rejected","member","2021-07-07 18:33:10","2021-07-11 18:33:10"
"254","48","106","approved","member","2021-07-28 15:12:09","2021-08-05 15:12:09"
"255","80","191","approved","member","2021-08-04 23:39:22","2021-08-13 23:39:22"
"256","28","81","new","member","2021-07-29 03:46:16",NULL
"257","61","84","rejected","member","2021-07-23 19:12:09","2021-08-01 19:12:09"
"258","97","273","rejected","member","2021-07-31 22:51:59","2021-08-01 22:51:59"
"259","56","94","approved","member","2021-08-10 18:17:52","2021-08-20 18:17:52"
"260","39","39","rejected","member","2021-07-03 08:45:32","2021-07-11 08:45:32"
"261","78","176","approved","member","2021-08-05 09:47:24","2021-08-12 09:47:24"
"262","78","179","approved","member","2021-08-21 10:24:56","2021-08-28 10:24:56"
"263","61","26","new","member","2021-08-18 09:28:50",NULL
"264","6","163","approved","member","2021-08-01 22:59:43","2021-08-04 22:59:43"
"265","43","81","rejected","member","2021-07-09 14:40:55","2021-07-13 14:40:55"
"266","99","94","rejected","member","2021-08-19 09:06:03","2021-08-28 09:06:03"
"267","100","167","approved","member","2021-08-18 17:25:50","2021-08-21 17:25:50"
"268","7","8","new","member","2021-07-15 08:06:07",NULL
"269","36","124","rejected","member","2021-08-04 20:00:01","2021-08-10 20:00:01"
"270","50","232","rejected","member","2021-07-11 14:32:55","2021-07-16 14:32:55"
"271","65","204","rejected","member","2021-08-01 19:22:23","2021-08-09 19:22:23"
"272","41","293","rejected","member","2021-08-09 05:00:02","2021-08-12 05:00:02"
"273","51","185","approved","member","2021-07-21 22:05:58","2021-07-22 22:05:58"
"274","22","47","rejected","member","2021-07-17 04:53:01","2021-07-20 04:53:01"
"275","35","200","new","member","2021-07-26 08:27:28",NULL
"276","98","79","approved","member","2021-08-06 05:29:27","2021-08-12 05:29:27"
"277","56","176","new","member","2021-08-10 08:27:07",NULL
"278","65","197","approved","member","2021-07-05 22:07:05","2021-07-09 22:07:05"
"279","37","200","new","member","2021-07-03 11:02:34",NULL
"280","58","285","approved","member","2021-08-06 08:40:40","2021-08-07 08:40:40"
"281","42","172","rejected","member","2021-08-21 08:52:24","2021-08-28 08:52:24"
"282","83","214","approved","member","2021-07-11 19:48:34","2021-07-13 19:48:34"
"283","69","85","rejected","member","2021-07-18 17:05:29","2021-07-28 17:05:29"
"284","21","193","new","member","2021-07-25 08:52:58",NULL
"285","32","2","rejected","member","2021-08-10 11:13:55","2021-08-13 11:13:55"
"286","67","245","approved","member","2021-08-08 16:42:44","2021-08-10 16:42:44"
"287","87","90","new","member","2021-08-20 14:22:38",NULL
"288","42","56","rejected","member","2021-08-02 16:29:29","2021-08-07 16:29:29"
"289","98","65","new","member","2021-08-22 07:52:43",NULL
"290","90","163","rejected","member","2021-08-15 00:14:32","2021-08-17 00:14:32"
"291","75","271","approved","member","2021-08-03 23:49:26","2021-08-04 23:49:26"
"292","46","13","approved","member","2021-08-19 14:28:15","2021-08-24 14:28:15"
"293","89","285","approved","member","2021-07-25 07:50:00","2021-07-28 07:50:00"
"294","23","192","approved","member","2021-08-01 08:10:13","2021-08-08 08:10:13"
"295","31","267","rejected","member","2021-08-12 16:51:41","2021-08-13 16:51:41"
"297","62","235","rejected","member","2021-07-06 20:35:11","2021-07-15 20:35:11"
"298","3","241","approved","member","2021-07-01 00:57:08","2021-07-03 00:57:08"
"299","78","183","rejected","member","2021-07-05 01:43:34","2021-07-08 01:43:34"
"300","71","88","rejected","member","2021-08-08 05:25:56","2021-08-09 05:25:56"
"301","83","244","approved","member","2021-07-06 06:08:21","2021-07-11 06:08:21"
"302","22","124","rejected","member","2021-07-31 03:58:29","2021-08-04 03:58:29"
"303","13","251","rejected","member","2021-07-19 05:52:10","2021-07-21 05:52:10"
"304","11","167","new","member","2021-07-02 14:14:10",NULL
"305","88","19","rejected","member","2021-07-12 22:41:19","2021-07-16 22:41:19"
"306","85","169","new","member","2021-07-13 07:48:05",NULL
"307","11","47","rejected","member","2021-07-10 20:44:14","2021-07-20 20:44:14"
"308","87","110","rejected","member","2021-07-06 12:23:36","2021-07-16 12:23:36"
"309","90","23","new","member","2021-08-23 00:42:39",NULL
"310","81","191","rejected","member","2021-08-24 04:38:54","2021-08-26 04:38:54"
"311","10","136","new","member","2021-08-24 00:35:55",NULL
"312","1","255","new","member","2021-08-23 00:26:52",NULL
"313","9","191","approved","member","2021-07-31 09:58:03","2021-08-02 09:58:03"
"314","53","147","approved","member","2021-07-09 06:38:40","2021-07-13 06:38:40"
"315","83","195","new","member","2021-08-08 04:41:27",NULL
"316","59","109","rejected","member","2021-08-07 22:54:37","2021-08-13 22:54:37"
"317","17","152","approved","member","2021-07-18 17:37:22","2021-07-19 17:37:22"
"318","71","177","rejected","member","2021-07-29 07:45:27","2021-08-03 07:45:27"
"319","69","88","approved","member","2021-08-11 08:35:27","2021-08-19 08:35:27"
"320","100","38","approved","member","2021-07-16 12:23:17","2021-07-19 12:23:17"
"321","36","51","approved","member","2021-08-13 06:58:18","2021-08-17 06:58:18"
"322","44","13","new","member","2021-08-09 17:30:59",NULL
"323","71","214","approved","member","2021-07-13 00:48:24","2021-07-22 00:48:24"
"324","69","12","rejected","member","2021-07-06 04:50:12","2021-07-15 04:50:12"
"325","91","55","rejected","member","2021-08-10 19:30:57","2021-08-19 19:30:57"
"326","40","58","rejected","member","2021-07-28 22:45:43","2021-08-05 22:45:43"
"327","10","43","rejected","member","2021-07-21 21:52:13","2021-07-27 21:52:13"
"328","87","299","approved","member","2021-08-13 05:15:33","2021-08-20 05:15:33"
"329","39","205","approved","member","2021-08-21 07:36:00","2021-08-31 07:36:00"
"330","39","263","new","member","2021-08-21 08:52:13",NULL
"331","75","197","new","member","2021-07-01 10:27:23",NULL
"332","80","120","new","member","2021-08-07 08:04:06",NULL
"333","50","242","approved","member","2021-08-17 14:08:51","2021-08-22 14:08:51"
"334","82","112","approved","member","2021-08-01 07:16:41","2021-08-06 07:16:41"
"335","97","202","approved","member","2021-08-06 03:19:14","2021-08-09 03:19:14"
"336","99","196","approved","member","2021-08-07 18:04:19","2021-08-15 18:04:19"
"337","83","148","approved","member","2021-07-27 03:20:09","2021-08-06 03:20:09"
"338","81","112","new","member","2021-08-18 12:56:43",NULL
"339","3","195","rejected","member","2021-08-20 13:53:28","2021-08-27 13:53:28"
"340","68","52","approved","member","2021-08-06 06:35:25","2021-08-08 06:35:25"
"341","79","179","new","member","2021-08-03 05:11:27",NULL
"342","98","125","approved","member","2021-08-01 18:59:16","2021-08-08 18:59:16"
"343","79","68","approved","member","2021-08-13 20:18:48","2021-08-23 20:18:48"
"344","18","282","approved","member","2021-08-01 17:05:52","2021-08-02 17:05:52"
"345","88","88","new","member","2021-07-21 20:44:37",NULL
"346","72","126","new","member","2021-08-02 11:50:58",NULL
"347","48","62","rejected","member","2021-07-21 13:01:58","2021-07-28 13:01:58"
"348","30","159","new","member","2021-07-15 18:59:07",NULL
"349","10","171","new","member","2021-07-14 04:10:23",NULL
"350","39","214","rejected","member","2021-07-04 15:52:06","2021-07-05 15:52:06"
"351","93","155","rejected","member","2021-07-11 15:00:39","2021-07-17 15:00:39"
"352","53","59","rejected","member","2021-08-01 04:51:42","2021-08-07 04:51:42"
"353","35","41","rejected","member","2021-08-09 12:40:34","2021-08-15 12:40:34"
"354","42","118","new","member","2021-07-28 21:05:16",NULL
"355","71","101","approved","member","2021-07-18 02:56:54","2021-07-24 02:56:54"
"356","12","277","rejected","member","2021-07-11 07:00:19","2021-07-19 07:00:19"
"357","71","274","approved","member","2021-07-24 14:11:15","2021-07-31 14:11:15"
"358","77","92","rejected","member","2021-07-31 21:05:26","2021-08-08 21:05:26"
"359","88","72","approved","member","2021-08-22 11:14:34","2021-08-24 11:14:34"
"360","82","169","approved","member","2021-08-13 05:21:57","2021-08-22 05:21:57"
"361","29","92","approved","member","2021-08-07 07:33:14","2021-08-16 07:33:14"
"362","61","259","new","member","2021-07-13 16:31:14",NULL
"363","75","133","new","member","2021-07-05 07:38:34",NULL
"364","73","168","approved","member","2021-07-08 04:17:51","2021-07-12 04:17:51"
"365","21","260","new","member","2021-07-08 02:06:00",NULL
"366","56","179","rejected","member","2021-07-17 05:55:16","2021-07-20 05:55:16"
"367","77","250","new","member","2021-07-13 07:32:20",NULL
"368","22","88","rejected","member","2021-08-19 02:40:30","2021-08-20 02:40:30"
"369","64","254","approved","member","2021-07-16 03:11:45","2021-07-23 03:11:45"
"370","51","82","new","member","2021-07-20 20:41:04",NULL
"371","80","215","new","member","2021-08-02 17:57:25",NULL
"372","37","156","new","member","2021-08-23 01:49:59",NULL
"373","1","247","rejected","member","2021-07-19 05:12:21","2021-07-28 05:12:21"
"374","8","156","rejected","member","2021-07-12 03:16:32","2021-07-21 03:16:32"
"375","75","48","approved","member","2021-08-17 23:25:24","2021-08-19 23:25:24"
"376","24","203","approved","member","2021-08-18 07:43:58","2021-08-22 07:43:58"
"377","95","35","approved","member","2021-08-22 20:59:30","2021-08-23 20:59:30"
"378","15","78","approved","member","2021-07-05 01:27:14","2021-07-13 01:27:14"
"379","93","300","approved","member","2021-08-12 04:24:17","2021-08-21 04:24:17"
"380","61","286","new","member","2021-07-03 02:11:55",NULL
"381","93","175","new","member","2021-08-06 03:44:22",NULL
"382","46","59","rejected","member","2021-07-12 21:24:12","2021-07-17 21:24:12"
"383","65","207","rejected","member","2021-07-26 15:07:33","2021-08-05 15:07:33"
"384","50","258","new","member","2021-08-10 04:20:06",NULL
"385","51","166","rejected","member","2021-07-04 01:09:38","2021-07-14 01:09:38"
"386","26","51","new","member","2021-08-09 09:42:25",NULL
"387","56","140","approved","member","2021-08-04 21:07:20","2021-08-06 21:07:20"
"388","50","91","approved","member","2021-08-06 18:30:42","2021-08-15 18:30:42"
"389","16","121","new","member","2021-08-16 19:34:41",NULL
"390","48","114","approved","member","2021-08-16 06:48:00","2021-08-26 06:48:00"
"391","83","3","rejected","member","2021-07-19 17:12:57","2021-07-26 17:12:57"
"392","57","148","approved","member","2021-08-15 14:23:35","2021-08-23 14:23:35"
"393","78","280","new","member","2021-07-09 13:18:34",NULL
"394","76","124","approved","member","2021-08-01 21:28:24","2021-08-03 21:28:24"
"395","18","196","new","member","2021-07-27 14:27:13",NULL
"396","76","135","new","member","2021-07-26 12:11:28",NULL
"397","94","35","new","member","2021-08-11 08:01:07",NULL
"398","13","152","rejected","member","2021-07-22 10:39:26","2021-07-25 10:39:26"
"399","59","153","approved","member","2021-07-06 09:34:58","2021-07-07 09:34:58"
"400","1","142","rejected","member","2021-08-18 09:36:53","2021-08-25 09:36:53"
"401","64","21","rejected","member","2021-07-30 22:46:30","2021-08-08 22:46:30"
"402","100","240","approved","member","2021-08-06 17:55:56","2021-08-12 17:55:56"
"403","27","104","approved","member","2021-07-12 12:21:48","2021-07-17 12:21:48"
"404","27","282","new","member","2021-08-05 13:52:53",NULL
"405","82","184","approved","member","2021-08-21 07:01:21","2021-08-23 07:01:21"
"406","41","195","rejected","member","2021-08-16 07:40:33","2021-08-19 07:40:33"
"407","38","149","rejected","member","2021-08-08 07:07:16","2021-08-09 07:07:16"
"408","60","237","rejected","member","2021-07-18 12:51:45","2021-07-26 12:51:45"
"409","68","169","rejected","member","2021-08-10 22:45:33","2021-08-11 22:45:33"
"410","99","106","approved","member","2021-08-15 15:08:45","2021-08-17 15:08:45"
"411","7","110","new","member","2021-08-04 03:31:12",NULL
"412","9","173","rejected","member","2021-08-11 13:14:33","2021-08-16 13:14:33"
"413","70","264","rejected","member","2021-07-05 23:50:36","2021-07-07 23:50:36"
"414","22","210","new","member","2021-07-09 07:15:46",NULL
"415","37","179","approved","member","2021-07-08 17:25:02","2021-07-12 17:25:02"
"416","96","139","new","member","2021-07-20 06:55:48",NULL
"417","9","277","new","member","2021-07-24 23:09:25",NULL
"418","54","198","rejected","member","2021-07-30 07:52:49","2021-08-07 07:52:49"
"419","2","96","new","member","2021-08-04 00:33:13",NULL
"420","86","261","new","member","2021-08-16 22:21:24",NULL
"421","48","170","rejected","member","2021-07-12 02:41:43","2021-07-19 02:41:43"
"422","25","181","rejected","member","2021-08-06 23:18:51","2021-08-12 23:18:51"
"423","80","294","rejected","member","2021-07-05 23:01:27","2021-07-12 23:01:27"
"424","3","94","approved","member","2021-07-30 01:30:54","2021-08-07 01:30:54"
"425","8","89","approved","member","2021-07-31 11:09:40","2021-08-02 11:09:40"
"426","69","98","new","member","2021-07-22 23:52:01",NULL
"427","57","265","approved","member","2021-07-12 05:55:03","2021-07-22 05:55:03"
"428","25","255","new","member","2021-07-07 10:24:26",NULL
"429","55","53","approved","member","2021-08-12 17:14:41","2021-08-17 17:14:41"
"430","68","288","approved","member","2021-07-06 15:43:17","2021-07-15 15:43:17"
"431","58","217","approved","member","2021-08-15 01:26:38","2021-08-22 01:26:38"
"432","24","31","rejected","member","2021-08-18 08:59:43","2021-08-27 08:59:43"
"433","48","120","new","member","2021-08-11 08:14:26",NULL
"434","32","218","new","member","2021-08-02 20:11:15",NULL
"435","5","248","approved","member","2021-08-11 14:31:50","2021-08-21 14:31:50"
"436","4","140","approved","member","2021-08-09 01:38:17","2021-08-11 01:38:17"
"437","70","174","approved","member","2021-08-07 20:59:43","2021-08-13 20:59:43"
"438","81","94","rejected","member","2021-08-04 01:36:12","2021-08-05 01:36:12"
"439","6","83","approved","member","2021-07-28 04:22:04","2021-08-03 04:22:04"
"440","54","218","approved","member","2021-07-26 04:24:31","2021-07-31 04:24:31"
"441","15","41","approved","member","2021-08-11 21:09:43","2021-08-13 21:09:43"
"442","73","296","new","member","2021-08-02 03:35:09",NULL
"443","86","35","new","member","2021-07-29 02:08:35",NULL
"444","79","207","new","member","2021-07-26 22:15:50",NULL
"445","16","272","approved","member","2021-08-04 02:03:35","2021-08-12 02:03:35"
"446","21","261","new","member","2021-07-05 01:36:09",NULL
"447","67","98","approved","member","2021-08-21 04:06:24","2021-08-28 04:06:24"
"448","63","49","rejected","member","2021-08-04 07:07:50","2021-08-07 07:07:50"
"449","82","257","approved","member","2021-07-25 19:28:15","2021-08-02 19:28:15"
"450","89","263","new","member","2021-08-01 13:46:45",NULL
"451","92","262","rejected","member","2021-08-04 11:53:37","2021-08-13 11:53:37"
"452","66","177","approved","member","2021-07-04 01:14:22","2021-07-09 01:14:22"
"453","37","294","rejected","member","2021-07-11 00:00:00","2021-07-19 00:00:00"
"454","45","15","rejected","member","2021-08-13 02:22:54","2021-08-20 02:22:54"
"455","95","24","new","member","2021-08-21 05:36:40",NULL
"456","70","154","new","member","2021-07-15 19:08:26",NULL
"457","79","155","rejected","member","2021-08-09 02:23:28","2021-08-12 02:23:28"
"458","18","153","approved","member","2021-07-02 21:35:44","2021-07-09 21:35:44"
"459","48","19","rejected","member","2021-08-02 15:02:18","2021-08-12 15:02:18"
"460","78","125","new","member","2021-08-10 03:19:36",NULL
"461","67","91","rejected","member","2021-08-02 19:06:05","2021-08-05 19:06:05"
"462","16","253","new","member","2021-07-01 14:30:18",NULL
"463","58","284","new","member","2021-07-31 12:19:08",NULL
"464","84","64","rejected","member","2021-07-03 13:30:17","2021-07-09 13:30:17"
"465","93","249","approved","member","2021-07-12 20:43:15","2021-07-15 20:43:15"
"466","19","136","approved","member","2021-08-13 05:33:00","2021-08-20 05:33:00"
"467","57","240","approved","member","2021-07-28 23:05:45","2021-08-03 23:05:45"
"468","63","25","new","member","2021-07-01 21:49:49",NULL
"469","41","93","new","member","2021-08-15 07:31:37",NULL
"470","97","287","new","member","2021-07-20 00:03:30",NULL
"471","60","128","rejected","member","2021-08-07 00:02:28","2021-08-14 00:02:28"
"472","33","230","approved","member","2021-07-25 03:46:20","2021-07-29 03:46:20"
"473","44","266","rejected","member","2021-07-25 03:27:39","2021-08-02 03:27:39"
"474","97","172","approved","member","2021-08-24 02:30:24","2021-08-26 02:30:24"
"475","34","72","new","member","2021-07-09 04:48:25",NULL
"476","13","143","approved","member","2021-07-03 23:14:52","2021-07-11 23:14:52"
"477","79","94","approved","member","2021-07-18 08:16:21","2021-07-22 08:16:21"
"478","56","294","rejected","member","2021-07-23 16:38:23","2021-08-02 16:38:23"
"479","69","5","rejected","member","2021-08-04 11:40:19","2021-08-13 11:40:19"
"480","43","253","rejected","member","2021-08-21 04:33:12","2021-08-25 04:33:12"
"481","76","268","rejected","member","2021-07-02 09:57:36","2021-07-10 09:57:36"
"482","64","205","rejected","member","2021-07-02 17:45:24","2021-07-03 17:45:24"
"483","7","56","new","member","2021-07-15 05:57:19",NULL
"484","58","45","new","member","2021-07-08 06:05:23",NULL
"485","60","286","new","member","2021-07-28 05:06:17",NULL
"486","57","17","new","member","2021-08-12 12:44:14",NULL
"487","53","28","approved","member","2021-08-11 03:47:11","2021-08-14 03:47:11"
"488","44","113","new","member","2021-07-13 22:40:25",NULL
"489","35","257","rejected","member","2021-08-02 09:27:40","2021-08-12 09:27:40"
"490","92","39","rejected","member","2021-08-15 21:31:39","2021-08-19 21:31:39"
"491","67","202","approved","member","2021-07-06 21:41:05","2021-07-07 21:41:05"
"492","58","228","rejected","member","2021-08-09 19:59:02","2021-08-16 19:59:02"
"493","87","115","approved","member","2021-07-04 23:39:34","2021-07-13 23:39:34"
"494","7","125","approved","member","2021-07-18 13:28:48","2021-07-19 13:28:48"
"495","68","258","rejected","member","2021-07-27 21:58:51","2021-07-31 21:58:51"
"496","60","278","approved","member","2021-07-29 19:13:09","2021-08-08 19:13:09"
"497","65","118","new","member","2021-08-05 07:06:33",NULL
"498","85","12","rejected","member","2021-07-06 05:54:54","2021-07-11 05:54:54"
"499","78","241","new","member","2021-08-22 00:54:40",NULL
"500","83","92","new","member","2021-07-26 02:24:20",NULL
"501","66","155","new","member","2021-07-26 00:54:39",NULL
"502","1","185","approved","member","2021-07-20 11:57:46","2021-07-27 11:57:46"
"503","36","170","rejected","member","2021-08-16 02:43:08","2021-08-17 02:43:08"
"504","34","38","rejected","member","2021-08-13 11:32:46","2021-08-15 11:32:46"
"505","83","95","rejected","member","2021-07-28 18:46:31","2021-08-03 18:46:31"
"506","68","2","new","member","2021-07-24 20:01:06",NULL
"507","23","59","new","member","2021-08-18 20:56:27",NULL
"508","70","49","rejected","member","2021-08-06 00:41:31","2021-08-14 00:41:31"
"509","86","230","new","member","2021-08-16 00:21:57",NULL
"510","81","245","approved","member","2021-07-18 18:34:29","2021-07-20 18:34:29"
"511","30","241","rejected","member","2021-07-23 17:25:17","2021-07-28 17:25:17"
"512","71","219","rejected","member","2021-07-25 13:12:32","2021-08-01 13:12:32"
"513","57","64","rejected","member","2021-08-09 05:46:42","2021-08-13 05:46:42"
"514","77","191","approved","member","2021-07-07 00:01:50","2021-07-13 00:01:50"
"515","38","212","rejected","member","2021-07-09 17:48:57","2021-07-11 17:48:57"
"516","60","156","rejected","member","2021-08-05 19:32:44","2021-08-08 19:32:44"
"517","8","259","approved","member","2021-08-01 11:18:31","2021-08-02 11:18:31"
"518","59","218","approved","member","2021-07-10 07:35:41","2021-07-20 07:35:41"
"519","70","247","approved","member","2021-07-04 02:30:09","2021-07-05 02:30:09"
"520","3","76","new","member","2021-08-03 01:52:04",NULL
"521","51","187","approved","member","2021-07-24 11:37:35","2021-07-27 11:37:35"
"522","17","187","approved","member","2021-07-12 03:22:13","2021-07-15 03:22:13"
"523","10","14","new","member","2021-07-25 14:07:11",NULL
"524","91","243","new","member","2021-07-09 08:00:09",NULL
"525","98","153","rejected","member","2021-07-20 16:38:59","2021-07-28 16:38:59"
"526","36","62","rejected","member","2021-07-07 22:02:24","2021-07-10 22:02:24"
"527","28","27","approved","member","2021-07-25 09:45:32","2021-07-30 09:45:32"
"528","72","1","approved","member","2021-07-19 05:21:38","2021-07-21 05:21:38"
"529","35","178","rejected","member","2021-07-20 10:06:00","2021-07-24 10:06:00"
"530","81","237","rejected","member","2021-08-24 23:42:09","2021-09-03 23:42:09"
"531","92","189","approved","member","2021-07-10 03:56:29","2021-07-12 03:56:29"
"532","31","268","approved","member","2021-08-08 06:55:43","2021-08-16 06:55:43"
"533","65","131","new","member","2021-08-09 11:50:33",NULL
"534","64","148","rejected","member","2021-07-18 02:43:48","2021-07-20 02:43:48"
"535","76","168","approved","member","2021-08-18 10:14:57","2021-08-22 10:14:57"
"536","11","51","rejected","member","2021-08-10 22:15:44","2021-08-17 22:15:44"
"537","23","293","new","member","2021-07-23 04:31:42",NULL
"538","75","194","approved","member","2021-08-09 21:37:59","2021-08-10 21:37:59"
"539","31","225","new","member","2021-07-26 05:19:53",NULL
"540","97","103","approved","member","2021-07-08 09:28:08","2021-07-10 09:28:08"
"542","52","254","rejected","member","2021-07-28 12:54:49","2021-08-06 12:54:49"
"543","28","59","new","member","2021-08-01 12:00:07",NULL
"544","2","294","approved","member","2021-07-04 11:38:06","2021-07-11 11:38:06"
"545","69","37","new","member","2021-07-09 00:06:06",NULL
"546","18","184","approved","member","2021-08-13 07:51:16","2021-08-14 07:51:16"
"547","54","4","approved","member","2021-07-27 12:45:40","2021-07-28 12:45:40"
"548","57","100","rejected","member","2021-08-13 09:20:03","2021-08-17 09:20:03"
"550","31","138","new","member","2021-08-11 08:29:08",NULL
"551","29","272","new","member","2021-07-17 04:21:54",NULL
"552","85","90","new","member","2021-08-01 20:19:15",NULL
"553","50","276","new","member","2021-07-18 04:04:18",NULL
"554","41","41","approved","member","2021-08-21 17:57:19","2021-08-28 17:57:19"
"555","18","45","rejected","member","2021-07-22 23:51:46","2021-08-01 23:51:46"
"556","78","77","new","member","2021-08-21 17:44:41",NULL
"557","16","69","new","member","2021-08-17 05:15:19",NULL
"558","20","299","new","member","2021-07-09 02:27:15",NULL
"559","53","184","approved","member","2021-07-14 14:03:36","2021-07-23 14:03:36"
"560","10","223","approved","member","2021-07-28 03:15:39","2021-08-07 03:15:39"
"561","75","124","rejected","member","2021-08-21 20:06:37","2021-08-23 20:06:37"
"562","91","42","rejected","member","2021-08-16 16:04:16","2021-08-24 16:04:16"
"563","89","165","approved","member","2021-07-25 15:50:31","2021-08-02 15:50:31"
"564","88","192","approved","member","2021-08-02 03:20:19","2021-08-08 03:20:19"
"565","57","121","approved","member","2021-07-11 07:22:08","2021-07-16 07:22:08"
"566","60","142","approved","member","2021-07-20 20:20:30","2021-07-25 20:20:30"
"567","45","79","new","member","2021-07-01 04:49:54",NULL
"568","10","83","new","member","2021-07-18 17:54:26",NULL
"569","60","78","approved","member","2021-08-14 12:25:03","2021-08-15 12:25:03"
"570","98","230","approved","member","2021-07-16 01:27:58","2021-07-17 01:27:58"
"571","16","63","new","member","2021-07-04 01:23:57",NULL
"572","8","182","rejected","member","2021-08-20 17:26:44","2021-08-22 17:26:44"
"573","28","286","approved","member","2021-07-01 17:45:22","2021-07-06 17:45:22"
"574","35","222","rejected","member","2021-08-14 22:58:47","2021-08-18 22:58:47"
"575","64","69","rejected","member","2021-08-07 17:33:21","2021-08-15 17:33:21"
"576","89","274","new","member","2021-07-07 03:23:12",NULL
"577","81","17","rejected","member","2021-08-23 23:05:05","2021-08-30 23:05:05"
"578","91","31","rejected","member","2021-07-24 21:51:44","2021-07-28 21:51:44"
"579","79","259","new","member","2021-07-31 16:20:10",NULL
"580","99","116","new","member","2021-07-09 13:48:27",NULL
"581","74","35","rejected","member","2021-07-18 07:40:09","2021-07-21 07:40:09"
"582","10","116","approved","member","2021-07-03 11:03:44","2021-07-07 11:03:44"
"583","51","281","new","member","2021-07-18 03:36:49",NULL
"584","27","184","new","member","2021-07-14 12:38:38",NULL
"585","84","218","rejected","member","2021-08-23 07:34:15","2021-08-24 07:34:15"
"586","71","21","rejected","member","2021-07-17 08:14:01","2021-07-20 08:14:01"
"587","59","285","approved","member","2021-08-13 09:39:22","2021-08-17 09:39:22"
"588","29","21","new","member","2021-07-27 03:43:27",NULL
"589","92","150","rejected","member","2021-07-17 04:58:38","2021-07-27 04:58:38"
"590","30","296","approved","member","2021-07-25 03:54:21","2021-08-02 03:54:21"
"591","100","176","new","member","2021-08-11 06:32:52",NULL
"592","76","72","rejected","member","2021-07-10 13:52:45","2021-07-15 13:52:45"
"593","43","70","rejected","member","2021-08-20 20:18:31","2021-08-22 20:18:31"
"594","100","51","new","member","2021-08-22 22:43:54",NULL
"595","82","64","new","member","2021-07-24 18:42:57",NULL
"596","5","53","approved","member","2021-08-24 01:07:04","2021-08-26 01:07:04"
"597","37","104","rejected","member","2021-07-04 12:39:35","2021-07-05 12:39:35"
"598","45","266","new","member","2021-07-09 03:43:48",NULL
"599","63","82","new","member","2021-07-07 16:07:11",NULL
"600","100","118","rejected","member","2021-07-02 14:02:18","2021-07-07 14:02:18"
"601","49","164","new","member","2021-07-23 19:51:12",NULL
"602","70","286","approved","member","2021-08-12 11:44:32","2021-08-17 11:44:32"
"603","30","11","approved","member","2021-07-02 04:43:52","2021-07-07 04:43:52"
"604","68","63","new","member","2021-07-20 13:32:57",NULL
"605","84","39","approved","member","2021-08-18 05:31:37","2021-08-23 05:31:37"
"606","26","209","rejected","member","2021-07-25 01:56:00","2021-08-01 01:56:00"
"607","11","276","rejected","member","2021-08-20 20:50:27","2021-08-24 20:50:27"
"608","66","63","rejected","member","2021-08-19 09:58:25","2021-08-22 09:58:25"
"609","93","4","rejected","member","2021-07-04 06:03:21","2021-07-12 06:03:21"
"610","30","236","new","member","2021-07-20 10:07:44",NULL
"611","76","300","rejected","member","2021-07-08 09:13:59","2021-07-09 09:13:59"
"612","41","148","new","member","2021-08-07 17:45:25",NULL
"613","49","245","approved","member","2021-08-05 06:00:47","2021-08-06 06:00:47"
"614","46","212","new","member","2021-08-16 05:29:02",NULL
"615","63","111","new","member","2021-08-13 15:21:34",NULL
"616","67","20","approved","member","2021-07-08 06:26:51","2021-07-14 06:26:51"
"617","74","123","approved","member","2021-08-19 06:25:19","2021-08-20 06:25:19"
"618","55","44","approved","member","2021-08-20 17:50:32","2021-08-29 17:50:32"
"619","71","56","rejected","member","2021-08-13 14:05:07","2021-08-21 14:05:07"
"620","23","180","approved","member","2021-07-19 18:45:21","2021-07-20 18:45:21"
"621","36","264","rejected","member","2021-07-02 05:22:04","2021-07-04 05:22:04"
"622","36","19","new","member","2021-07-22 07:10:42",NULL
"623","96","11","rejected","member","2021-08-16 11:13:41","2021-08-22 11:13:41"
"624","3","171","rejected","member","2021-08-01 12:59:20","2021-08-03 12:59:20"
"625","8","121","rejected","member","2021-08-18 12:05:20","2021-08-24 12:05:20"
"626","31","279","rejected","member","2021-08-01 13:00:07","2021-08-03 13:00:07"
"627","17","65","new","member","2021-07-13 21:41:58",NULL
"628","30","42","approved","member","2021-07-17 10:25:46","2021-07-26 10:25:46"
"629","59","117","rejected","member","2021-07-23 13:07:19","2021-07-27 13:07:19"
"630","66","30","approved","member","2021-07-06 06:43:31","2021-07-08 06:43:31"
"631","72","12","rejected","member","2021-07-21 06:29:24","2021-07-23 06:29:24"
"632","48","115","rejected","member","2021-07-13 22:09:15","2021-07-19 22:09:15"
"633","75","55","rejected","member","2021-08-15 07:38:39","2021-08-25 07:38:39"
"634","74","84","approved","member","2021-08-17 14:03:41","2021-08-25 14:03:41"
"635","18","293","approved","member","2021-08-09 10:55:36","2021-08-16 10:55:36"
"636","96","59","rejected","member","2021-07-15 13:32:15","2021-07-19 13:32:15"
"637","49","97","approved","member","2021-08-16 10:31:14","2021-08-23 10:31:14"
"638","100","45","approved","member","2021-08-20 05:09:52","2021-08-25 05:09:52"
"639","55","210","new","member","2021-08-18 00:48:04",NULL
"640","23","181","rejected","member","2021-07-17 19:02:50","2021-07-20 19:02:50"
"641","53","154","approved","member","2021-08-10 15:21:44","2021-08-19 15:21:44"
"642","19","115","rejected","member","2021-08-15 19:50:10","2021-08-17 19:50:10"
"643","81","23","approved","member","2021-07-04 22:58:59","2021-07-14 22:58:59"
"644","27","298","rejected","member","2021-07-24 02:17:21","2021-07-30 02:17:21"
"645","6","76","rejected","member","2021-07-27 09:26:49","2021-07-31 09:26:49"
"646","46","298","approved","member","2021-07-28 16:00:51","2021-07-31 16:00:51"
"647","37","203","new","member","2021-07-14 06:53:05",NULL
"648","94","64","new","member","2021-07-20 23:11:36",NULL
"649","37","196","approved","member","2021-08-15 21:11:29","2021-08-23 21:11:29"
"650","13","261","rejected","member","2021-07-17 21:59:04","2021-07-20 21:59:04"
"651","21","116","approved","member","2021-08-19 00:10:31","2021-08-22 00:10:31"
"652","10","284","new","member","2021-07-14 13:15:41",NULL
"653","23","38","rejected","member","2021-07-24 00:39:49","2021-07-25 00:39:49"
"654","39","13","rejected","member","2021-08-19 08:07:58","2021-08-29 08:07:58"
"655","17","139","new","member","2021-08-08 21:18:20",NULL
"656","98","163","new","member","2021-07-06 06:28:47",NULL
"657","2","58","approved","member","2021-07-16 12:25:33","2021-07-17 12:25:33"
"658","23","140","new","member","2021-07-12 07:58:04",NULL
"659","29","174","new","member","2021-08-23 10:50:07",NULL
"660","61","194","new","member","2021-08-14 22:48:59",NULL
"661","33","3","approved","member","2021-08-08 06:40:52","2021-08-13 06:40:52"
"662","58","19","rejected","member","2021-07-30 17:01:58","2021-08-06 17:01:58"
"663","60","103","new","member","2021-08-02 04:50:26",NULL
"664","72","127","rejected","member","2021-08-13 02:01:30","2021-08-20 02:01:30"
"665","67","72","approved","member","2021-07-25 07:55:46","2021-07-30 07:55:46"
"666","46","262","new","member","2021-07-07 04:24:15",NULL
"667","72","50","rejected","member","2021-08-18 10:28:17","2021-08-22 10:28:17"
"668","82","46","new","member","2021-08-02 14:03:25",NULL
"669","95","236","approved","member","2021-07-09 15:25:03","2021-07-15 15:25:03"
"670","82","155","approved","member","2021-07-26 07:41:48","2021-08-05 07:41:48"
"671","46","75","approved","member","2021-08-05 13:17:00","2021-08-06 13:17:00"
"672","63","264","approved","member","2021-08-22 23:05:19","2021-08-29 23:05:19"
"673","97","262","approved","member","2021-07-26 15:21:29","2021-08-02 15:21:29"
"674","11","68","new","member","2021-08-07 19:53:06",NULL
"675","96","83","new","member","2021-08-10 08:13:22",NULL
"676","10","187","approved","member","2021-07-13 08:26:25","2021-07-18 08:26:25"
"677","57","289","rejected","member","2021-08-13 15:53:07","2021-08-14 15:53:07"
"678","85","295","rejected","member","2021-07-19 17:00:34","2021-07-20 17:00:34"
"679","73","13","rejected","member","2021-07-20 09:23:10","2021-07-22 09:23:10"
"680","65","225","rejected","member","2021-07-16 02:28:05","2021-07-17 02:28:05"
"681","5","163","approved","member","2021-07-08 00:42:03","2021-07-17 00:42:03"
"682","96","218","rejected","member","2021-07-31 15:05:52","2021-08-02 15:05:52"
"683","21","109","new","member","2021-07-09 17:08:19",NULL
"684","81","104","approved","member","2021-08-23 02:26:43","2021-08-30 02:26:43"
"685","21","106","new","member","2021-08-03 14:59:27",NULL
"686","5","175","approved","member","2021-07-14 09:29:56","2021-07-22 09:29:56"
"687","73","51","approved","member","2021-07-27 15:36:27","2021-07-31 15:36:27"
"688","19","1","rejected","member","2021-08-18 22:15:02","2021-08-20 22:15:02"
"689","94","280","rejected","member","2021-07-01 00:18:10","2021-07-08 00:18:10"
"690","59","47","new","member","2021-07-24 10:20:27",NULL
"691","57","296","rejected","member","2021-08-06 03:57:11","2021-08-14 03:57:11"
"692","63","254","approved","member","2021-08-15 19:57:20","2021-08-19 19:57:20"
"693","8","178","approved","member","2021-07-09 08:49:11","2021-07-19 08:49:11"
"694","75","242","new","member","2021-08-05 02:47:33",NULL
"695","98","31","rejected","member","2021-07-28 03:53:51","2021-08-07 03:53:51"
"696","16","130","rejected","member","2021-08-15 22:03:34","2021-08-20 22:03:34"
"697","89","154","rejected","member","2021-07-16 02:44:20","2021-07-20 02:44:20"
"698","76","125","rejected","member","2021-08-23 21:42:07","2021-08-29 21:42:07"
"699","8","262","new","member","2021-07-24 08:46:06",NULL
"700","38","300","new","member","2021-07-29 09:06:25",NULL
"701","97","293","new","member","2021-07-08 10:16:02",NULL
"702","66","194","approved","member","2021-07-13 15:02:38","2021-07-14 15:02:38"
"703","5","277","new","member","2021-07-11 19:31:33",NULL
"704","6","290","new","member","2021-08-24 11:40:27",NULL
"705","51","104","new","member","2021-08-07 22:48:04",NULL
"706","56","75","approved","member","2021-08-18 01:36:30","2021-08-23 01:36:30"
"707","89","191","approved","member","2021-08-06 20:10:06","2021-08-14 20:10:06"
"708","55","42","new","member","2021-07-20 05:23:26",NULL
"709","18","120","new","member","2021-08-16 15:23:50",NULL
"710","52","3","rejected","member","2021-08-03 19:26:21","2021-08-09 19:26:21"
"711","31","211","approved","member","2021-07-27 07:53:28","2021-08-01 07:53:28"
"712","43","195","rejected","member","2021-07-13 19:09:35","2021-07-20 19:09:35"
"713","33","179","new","member","2021-08-01 06:24:21",NULL
"714","94","162","rejected","member","2021-08-01 19:20:27","2021-08-07 19:20:27"
"715","26","48","rejected","member","2021-08-22 09:00:53","2021-08-25 09:00:53"
"717","54","44","approved","member","2021-07-26 21:30:06","2021-08-02 21:30:06"
"718","45","116","new","member","2021-07-03 16:58:23",NULL
"719","67","140","approved","member","2021-07-14 05:33:10","2021-07-19 05:33:10"
"720","18","116","new","member","2021-07-25 17:27:11",NULL
"721","66","174","new","member","2021-08-22 07:00:25",NULL
"722","36","180","new","member","2021-07-30 15:29:15",NULL
"723","33","128","approved","member","2021-08-03 11:49:47","2021-08-12 11:49:47"
"724","6","118","approved","member","2021-07-21 15:47:22","2021-07-26 15:47:22"
"725","12","119","approved","member","2021-07-27 07:57:38","2021-07-28 07:57:38"
"726","18","47","approved","member","2021-08-02 14:28:49","2021-08-05 14:28:49"
"727","42","155","new","member","2021-07-17 13:09:54",NULL
"728","88","201","rejected","member","2021-07-05 20:19:45","2021-07-10 20:19:45"
"729","21","51","rejected","member","2021-08-23 07:24:11","2021-08-29 07:24:11"
"730","52","219","approved","member","2021-07-24 16:24:41","2021-07-27 16:24:41"
"731","37","80","rejected","member","2021-07-29 17:58:41","2021-08-06 17:58:41"
"732","13","62","rejected","member","2021-08-20 18:46:45","2021-08-23 18:46:45"
"733","24","39","rejected","member","2021-08-21 21:16:54","2021-08-22 21:16:54"
"734","72","296","rejected","member","2021-08-22 13:46:18","2021-08-24 13:46:18"
"735","64","133","approved","member","2021-07-11 04:34:39","2021-07-15 04:34:39"
"736","39","246","new","member","2021-07-01 20:37:18",NULL
"737","19","105","rejected","member","2021-08-12 13:10:59","2021-08-22 13:10:59"
"738","35","26","approved","member","2021-07-27 11:57:48","2021-08-03 11:57:48"
"739","46","81","rejected","member","2021-07-20 08:51:54","2021-07-22 08:51:54"
"740","57","108","rejected","member","2021-08-18 21:18:06","2021-08-21 21:18:06"
"741","22","23","new","member","2021-07-26 14:05:10",NULL
"742","61","92","new","member","2021-07-08 23:41:36",NULL
"743","36","18","approved","member","2021-08-01 20:00:31","2021-08-03 20:00:31"
"744","100","157","new","member","2021-08-10 09:26:08",NULL
"745","66","136","approved","member","2021-07-31 08:54:41","2021-08-03 08:54:41"
"746","43","65","approved","member","2021-08-16 19:03:42","2021-08-24 19:03:42"
"747","92","256","rejected","member","2021-07-25 15:27:53","2021-07-27 15:27:53"
"748","30","102","rejected","member","2021-07-01 06:16:22","2021-07-02 06:16:22"
"749","42","196","new","member","2021-07-01 15:30:02",NULL
"750","36","109","approved","member","2021-07-29 11:52:36","2021-08-06 11:52:36"
"751","80","52","rejected","member","2021-07-14 12:54:21","2021-07-19 12:54:21"
"752","37","75","approved","member","2021-07-06 16:45:42","2021-07-11 16:45:42"
"753","29","244","new","member","2021-08-16 15:48:26",NULL
"754","44","150","new","member","2021-08-08 22:52:48",NULL
"755","97","3","new","member","2021-08-07 17:57:50",NULL
"756","9","260","rejected","member","2021-07-23 17:29:39","2021-07-30 17:29:39"
"757","45","281","approved","member","2021-07-23 03:19:16","2021-07-25 03:19:16"
"758","61","268","rejected","member","2021-08-08 10:16:39","2021-08-16 10:16:39"
"759","75","108","new","member","2021-07-05 10:44:42",NULL
"760","70","67","approved","member","2021-07-28 02:54:02","2021-08-04 02:54:02"
"761","65","156","new","member","2021-07-06 18:50:39",NULL
"762","20","151","approved","member","2021-08-23 23:59:49","2021-08-30 23:59:49"
"763","83","172","new","member","2021-07-16 13:40:57",NULL
"764","77","26","rejected","member","2021-07-29 01:20:32","2021-08-02 01:20:32"
"765","9","264","rejected","member","2021-07-20 11:50:13","2021-07-23 11:50:13"
"766","4","155","new","member","2021-08-03 13:13:01",NULL
"767","58","136","approved","member","2021-07-15 05:32:51","2021-07-21 05:32:51"
"768","3","27","rejected","member","2021-08-12 12:01:06","2021-08-17 12:01:06"
"769","17","226","new","member","2021-08-18 06:04:47",NULL
"770","25","138","approved","member","2021-07-19 05:47:28","2021-07-23 05:47:28"
"771","72","106","rejected","member","2021-07-29 15:43:13","2021-08-07 15:43:13"
"772","10","49","new","member","2021-07-27 17:16:41",NULL
"773","18","286","rejected","member","2021-08-23 13:41:51","2021-08-25 13:41:51"
"774","93","23","new","member","2021-08-20 22:27:57",NULL
"775","97","252","rejected","member","2021-07-14 17:07:51","2021-07-23 17:07:51"
"776","60","250","rejected","member","2021-08-09 17:27:00","2021-08-19 17:27:00"
"777","85","95","rejected","member","2021-08-23 13:36:13","2021-08-30 13:36:13"
"778","32","56","approved","member","2021-07-01 16:31:35","2021-07-09 16:31:35"
"779","2","67","rejected","member","2021-07-28 18:27:20","2021-07-30 18:27:20"
"780","11","132","new","member","2021-08-18 21:30:48",NULL
"781","62","299","new","member","2021-07-23 04:05:05",NULL
"782","46","181","approved","member","2021-07-20 02:03:46","2021-07-22 02:03:46"
"783","70","42","approved","member","2021-07-05 09:13:53","2021-07-10 09:13:53"
"784","28","199","new","member","2021-07-14 18:53:22",NULL
"785","84","286","rejected","member","2021-08-07 04:15:06","2021-08-13 04:15:06"
"786","24","197","new","member","2021-08-09 19:38:02",NULL
"787","26","136","new","member","2021-08-17 00:29:31",NULL
"788","68","240","rejected","member","2021-08-10 06:28:46","2021-08-18 06:28:46"
"789","83","239","rejected","member","2021-07-04 16:10:09","2021-07-08 16:10:09"
"790","98","141","approved","member","2021-08-10 13:47:36","2021-08-12 13:47:36"
"791","57","260","approved","member","2021-08-02 14:01:37","2021-08-05 14:01:37"
"792","8","66","rejected","member","2021-07-27 21:44:56","2021-08-06 21:44:56"
"793","51","121","new","member","2021-07-31 03:01:15",NULL
"794","49","131","rejected","member","2021-08-13 07:47:28","2021-08-21 07:47:28"
"795","21","30","rejected","member","2021-08-11 01:06:54","2021-08-13 01:06:54"
"796","47","223","approved","member","2021-08-08 02:24:18","2021-08-09 02:24:18"
"797","38","247","new","member","2021-08-20 01:24:21",NULL
"798","2","260","rejected","member","2021-07-01 17:36:16","2021-07-07 17:36:16"
"799","62","75","approved","member","2021-07-19 09:58:02","2021-07-22 09:58:02"
"800","66","286","rejected","member","2021-08-21 23:22:41","2021-08-22 23:22:41"
"801","72","42","approved","member","2021-08-20 20:46:02","2021-08-25 20:46:02"
"802","45","254","approved","member","2021-08-16 06:46:14","2021-08-22 06:46:14"
"803","10","39","rejected","member","2021-07-26 17:34:13","2021-07-29 17:34:13"
"804","10","279","rejected","member","2021-07-29 07:02:53","2021-08-03 07:02:53"
"805","89","181","approved","member","2021-07-23 08:26:56","2021-07-30 08:26:56"
"806","24","19","new","member","2021-07-14 21:48:37",NULL
"807","93","163","new","member","2021-08-22 21:14:37",NULL
"808","39","25","rejected","member","2021-07-24 11:20:02","2021-07-25 11:20:02"
"809","7","62","rejected","member","2021-07-15 10:31:48","2021-07-17 10:31:48"
"810","31","179","approved","member","2021-07-08 01:16:18","2021-07-09 01:16:18"
"811","43","189","rejected","member","2021-07-02 03:44:27","2021-07-05 03:44:27"
"812","22","294","new","member","2021-08-22 02:53:58",NULL
"813","34","187","new","member","2021-07-21 15:22:49",NULL
"814","10","267","approved","member","2021-07-05 07:32:15","2021-07-12 07:32:15"
"816","62","177","approved","member","2021-08-08 07:37:45","2021-08-17 07:37:45"
"817","1","300","new","member","2021-08-13 18:13:43",NULL
"818","28","78","rejected","member","2021-08-20 09:56:45","2021-08-24 09:56:45"
"819","79","184","rejected","member","2021-08-04 00:35:20","2021-08-08 00:35:20"
"820","25","244","new","member","2021-07-25 05:26:04",NULL
"821","43","226","new","member","2021-08-01 23:57:17",NULL
"822","90","74","approved","member","2021-08-20 05:20:26","2021-08-29 05:20:26"
"823","96","82","new","member","2021-07-21 16:26:54",NULL
"824","31","242","approved","member","2021-07-17 11:34:27","2021-07-20 11:34:27"
"825","68","269","new","member","2021-07-01 12:43:38",NULL
"826","48","162","approved","member","2021-08-10 03:04:55","2021-08-18 03:04:55"
"827","4","71","approved","member","2021-07-22 06:23:35","2021-07-25 06:23:35"
"828","47","21","new","member","2021-08-13 09:07:18",NULL
"829","17","223","rejected","member","2021-07-08 10:39:02","2021-07-10 10:39:02"
"830","28","177","rejected","member","2021-07-15 12:19:57","2021-07-25 12:19:57"
"831","17","207","rejected","member","2021-07-05 20:38:22","2021-07-11 20:38:22"
"832","73","223","rejected","member","2021-07-27 11:18:16","2021-08-05 11:18:16"
"833","42","182","rejected","member","2021-07-12 18:45:18","2021-07-17 18:45:18"
"834","31","163","new","member","2021-07-15 23:39:12",NULL
"835","10","70","new","member","2021-08-07 22:27:34",NULL
"836","7","63","new","member","2021-08-23 15:58:46",NULL
"837","23","274","rejected","member","2021-07-06 12:45:25","2021-07-12 12:45:25"
"838","83","127","new","member","2021-07-06 08:30:54",NULL
"839","53","157","rejected","member","2021-07-07 21:55:30","2021-07-10 21:55:30"
"840","16","240","new","member","2021-07-10 18:27:29",NULL
"841","98","5","new","member","2021-07-12 01:37:12",NULL
"842","95","57","rejected","member","2021-07-07 18:50:31","2021-07-14 18:50:31"
"843","28","138","approved","member","2021-07-02 08:06:28","2021-07-08 08:06:28"
"845","89","141","approved","member","2021-08-09 11:29:47","2021-08-16 11:29:47"
"846","61","238","new","member","2021-08-09 15:37:13",NULL
"847","96","177","new","member","2021-07-02 06:07:30",NULL
"848","37","288","approved","member","2021-07-15 02:44:08","2021-07-22 02:44:08"
"849","66","211","rejected","member","2021-08-21 19:17:44","2021-08-24 19:17:44"
"850","9","77","rejected","member","2021-08-13 21:37:46","2021-08-18 21:37:46"
"851","40","95","rejected","member","2021-08-14 06:22:14","2021-08-16 06:22:14"
"852","72","68","new","member","2021-07-01 11:40:42",NULL
"853","62","139","new","member","2021-07-15 23:51:24",NULL
"854","18","233","approved","member","2021-07-23 13:41:36","2021-07-25 13:41:36"
"855","18","172","rejected","member","2021-07-20 12:13:21","2021-07-22 12:13:21"
"856","82","76","rejected","member","2021-07-29 16:44:59","2021-08-03 16:44:59"
"857","35","84","rejected","member","2021-07-15 10:57:08","2021-07-22 10:57:08"
"858","11","221","new","member","2021-08-15 09:18:27",NULL
"859","90","231","approved","member","2021-08-04 08:12:56","2021-08-12 08:12:56"
"860","58","292","approved","member","2021-07-30 22:11:32","2021-07-31 22:11:32"
"861","29","72","new","member","2021-08-04 09:18:01",NULL
"862","54","39","new","member","2021-07-17 06:59:08",NULL
"863","81","110","rejected","member","2021-07-28 22:24:50","2021-08-03 22:24:50"
"864","77","218","approved","member","2021-07-26 14:21:16","2021-07-27 14:21:16"
"865","62","21","new","member","2021-08-11 10:53:40",NULL
"866","84","187","rejected","member","2021-07-07 16:56:55","2021-07-11 16:56:55"
"867","17","158","approved","member","2021-07-28 14:28:23","2021-07-31 14:28:23"
"868","97","229","approved","member","2021-07-11 12:44:24","2021-07-14 12:44:24"
"869","25","87","approved","member","2021-08-09 11:38:47","2021-08-16 11:38:47"
"870","87","59","approved","member","2021-08-14 08:01:54","2021-08-22 08:01:54"
"871","92","18","approved","member","2021-07-28 20:14:45","2021-07-29 20:14:45"
"872","75","117","rejected","member","2021-08-17 15:50:42","2021-08-19 15:50:42"
"873","98","52","approved","member","2021-08-07 02:56:20","2021-08-16 02:56:20"
"874","50","22","approved","member","2021-07-21 08:01:11","2021-07-27 08:01:11"
"875","66","133","new","member","2021-08-01 22:29:59",NULL
"876","81","57","new","member","2021-07-31 02:43:59",NULL
"877","41","289","new","member","2021-07-07 20:39:57",NULL
"878","100","172","rejected","member","2021-07-20 05:38:32","2021-07-22 05:38:32"
"879","66","81","approved","member","2021-07-24 04:43:03","2021-07-27 04:43:03"
"881","60","252","approved","member","2021-07-10 05:00:47","2021-07-12 05:00:47"
"882","39","208","new","member","2021-08-11 16:52:34",NULL
"883","43","48","rejected","member","2021-08-05 07:36:16","2021-08-07 07:36:16"
"884","89","144","approved","member","2021-08-02 23:16:37","2021-08-11 23:16:37"
"885","44","105","new","member","2021-08-17 11:12:54",NULL
"886","54","235","rejected","member","2021-07-26 21:54:13","2021-07-31 21:54:13"
"887","98","185","approved","member","2021-08-22 07:23:30","2021-09-01 07:23:30"
"888","9","144","rejected","member","2021-07-15 19:23:35","2021-07-23 19:23:35"
"889","44","282","new","member","2021-07-04 14:28:30",NULL
"890","64","66","rejected","member","2021-08-01 03:14:07","2021-08-11 03:14:07"
"891","82","252","approved","member","2021-08-17 18:38:22","2021-08-23 18:38:22"
"892","43","265","rejected","member","2021-07-14 16:05:10","2021-07-19 16:05:10"
"893","67","289","rejected","member","2021-07-03 08:17:02","2021-07-05 08:17:02"
"894","78","260","new","member","2021-08-24 12:17:30",NULL
"895","62","230","rejected","member","2021-07-26 15:36:42","2021-07-31 15:36:42"
"896","52","52","new","member","2021-07-05 20:49:08",NULL
"897","46","27","approved","member","2021-07-06 20:51:51","2021-07-08 20:51:51"
"898","100","46","rejected","member","2021-08-16 19:22:37","2021-08-17 19:22:37"
"899","35","272","rejected","member","2021-08-09 09:15:39","2021-08-15 09:15:39"
"900","97","100","approved","member","2021-07-29 03:48:26","2021-08-08 03:48:26"
"901","80","24","new","member","2021-07-23 12:25:53",NULL
"902","39","117","rejected","member","2021-07-17 15:12:00","2021-07-23 15:12:00"
"903","59","275","approved","member","2021-07-31 20:27:18","2021-08-10 20:27:18"
"904","81","273","approved","member","2021-08-20 22:54:44","2021-08-29 22:54:44"
"905","52","85","new","member","2021-07-03 20:06:19",NULL
"906","23","111","new","member","2021-08-12 07:40:41",NULL
"907","13","161","new","member","2021-08-06 13:12:37",NULL
"908","77","91","approved","member","2021-08-13 15:30:30","2021-08-19 15:30:30"
"909","26","233","approved","member","2021-08-13 08:43:43","2021-08-20 08:43:43"
"910","72","270","rejected","member","2021-08-11 22:12:30","2021-08-16 22:12:30"
"911","63","220","new","member","2021-08-17 21:19:40",NULL
"912","90","19","approved","member","2021-08-09 07:46:41","2021-08-16 07:46:41"
"913","63","237","rejected","member","2021-07-21 02:35:27","2021-07-30 02:35:27"
"914","23","298","rejected","member","2021-07-14 13:41:32","2021-07-22 13:41:32"
"915","4","105","rejected","member","2021-08-10 13:32:16","2021-08-18 13:32:16"
"916","21","276","approved","member","2021-07-09 11:47:31","2021-07-18 11:47:31"
"917","39","67","new","member","2021-07-08 18:14:13",NULL
"918","14","100","new","member","2021-07-22 04:26:44",NULL
"919","81","179","new","member","2021-08-14 16:06:19",NULL
"920","60","170","approved","member","2021-07-28 23:38:10","2021-08-07 23:38:10"
"921","89","256","approved","member","2021-07-06 06:19:30","2021-07-11 06:19:30"
"922","52","260","rejected","member","2021-08-12 12:19:45","2021-08-14 12:19:45"
"923","88","66","approved","member","2021-07-16 01:50:18","2021-07-25 01:50:18"
"924","98","95","rejected","member","2021-07-17 04:10:25","2021-07-25 04:10:25"
"925","63","178","new","member","2021-07-25 09:28:43",NULL
"926","55","160","rejected","member","2021-08-12 02:39:35","2021-08-20 02:39:35"
"927","48","93","rejected","member","2021-07-06 08:35:26","2021-07-11 08:35:26"
"928","62","95","approved","member","2021-07-31 06:04:20","2021-08-05 06:04:20"
"929","23","258","new","member","2021-07-24 20:34:35",NULL
"930","4","252","new","member","2021-08-16 14:14:49",NULL
"931","42","101","new","member","2021-08-13 01:50:14",NULL
"932","57","188","new","member","2021-07-05 18:42:45",NULL
"933","20","268","approved","member","2021-07-28 18:03:46","2021-08-06 18:03:46"
"934","55","79","rejected","member","2021-07-19 05:02:05","2021-07-27 05:02:05"
"935","20","93","approved","member","2021-08-07 07:35:12","2021-08-11 07:35:12"
"936","59","65","rejected","member","2021-08-09 16:41:22","2021-08-11 16:41:22"
"937","95","220","rejected","member","2021-08-16 21:19:32","2021-08-19 21:19:32"
"938","67","119","new","member","2021-08-01 16:31:13",NULL
"939","79","206","approved","member","2021-07-27 05:26:06","2021-08-05 05:26:06"
"940","77","178","rejected","member","2021-08-03 15:11:00","2021-08-05 15:11:00"
"941","67","228","approved","member","2021-08-04 05:18:21","2021-08-11 05:18:21"
"942","52","252","rejected","member","2021-07-28 08:37:08","2021-08-07 08:37:08"
"943","93","143","new","member","2021-08-18 19:42:25",NULL
"944","85","126","new","member","2021-07-24 14:04:20",NULL
"945","92","223","approved","member","2021-07-21 05:18:04","2021-07-25 05:18:04"
"946","72","164","new","member","2021-08-03 12:01:01",NULL
"947","81","140","approved","member","2021-07-18 20:22:41","2021-07-19 20:22:41"
"948","98","13","rejected","member","2021-07-01 21:58:34","2021-07-03 21:58:34"
"949","30","85","rejected","member","2021-07-18 21:04:51","2021-07-27 21:04:51"
"950","20","294","approved","member","2021-08-05 06:03:19","2021-08-08 06:03:19"
"951","8","81","new","member","2021-07-11 04:51:42",NULL
"952","51","227","approved","member","2021-08-19 12:10:43","2021-08-28 12:10:43"
"953","2","258","rejected","member","2021-07-06 00:05:09","2021-07-16 00:05:09"
"954","74","263","approved","member","2021-08-02 20:30:24","2021-08-09 20:30:24"
"955","81","249","new","member","2021-07-03 10:45:23",NULL
"956","77","116","approved","member","2021-07-25 08:51:16","2021-07-29 08:51:16"
"957","75","201","rejected","member","2021-08-17 08:10:29","2021-08-19 08:10:29"
"958","91","300","approved","member","2021-07-06 17:56:42","2021-07-12 17:56:42"
"959","91","148","new","member","2021-08-11 09:58:30",NULL
"960","48","80","approved","member","2021-08-13 11:55:26","2021-08-20 11:55:26"
"961","58","203","new","member","2021-07-15 14:31:11",NULL
"962","21","102","approved","member","2021-07-07 05:04:00","2021-07-13 05:04:00"
"963","14","2","rejected","member","2021-07-24 17:45:52","2021-07-26 17:45:52"
"964","77","129","rejected","member","2021-08-01 06:07:28","2021-08-11 06:07:28"
"965","89","67","new","member","2021-08-22 00:06:27",NULL
"966","85","14","approved","member","2021-07-07 20:02:27","2021-07-10 20:02:27"
"967","65","1","approved","member","2021-08-20 15:13:36","2021-08-30 15:13:36"
"968","50","40","rejected","member","2021-08-13 11:47:18","2021-08-15 11:47:18"
"969","72","219","rejected","member","2021-07-17 05:43:48","2021-07-23 05:43:48"
"970","35","71","approved","member","2021-07-31 03:33:29","2021-08-07 03:33:29"
"971","46","125","approved","member","2021-08-15 21:00:13","2021-08-17 21:00:13"
"972","54","145","new","member","2021-08-16 02:24:18",NULL
"974","50","226","new","member","2021-07-25 22:57:48",NULL
"975","93","118","rejected","member","2021-07-15 01:12:50","2021-07-18 01:12:50"
"976","13","296","rejected","member","2021-07-22 18:55:25","2021-07-25 18:55:25"
"977","4","197","new","member","2021-07-21 04:13:46",NULL
"978","67","148","rejected","member","2021-08-21 20:30:32","2021-08-27 20:30:32"
"979","2","136","new","member","2021-07-21 04:29:50",NULL
"980","99","147","new","member","2021-07-21 13:34:01",NULL
"981","5","96","rejected","member","2021-08-07 06:43:44","2021-08-12 06:43:44"
"982","57","60","rejected","member","2021-08-12 16:32:43","2021-08-15 16:32:43"
"984","87","282","rejected","member","2021-07-12 12:33:30","2021-07-14 12:33:30"
"985","65","59","approved","member","2021-07-30 00:29:44","2021-08-02 00:29:44"
"986","29","233","rejected","member","2021-08-14 09:35:41","2021-08-23 09:35:41"
"987","13","103","approved","member","2021-08-14 01:23:34","2021-08-21 01:23:34"
"988","34","45","rejected","member","2021-08-01 10:57:26","2021-08-07 10:57:26"
"989","98","164","new","member","2021-07-03 05:27:27",NULL
"990","10","209","rejected","member","2021-07-25 08:09:50","2021-08-04 08:09:50"
"991","9","143","rejected","member","2021-08-09 04:04:23","2021-08-11 04:04:23"
"992","26","222","rejected","member","2021-07-13 11:27:16","2021-07-19 11:27:16"
"993","98","37","new","member","2021-07-12 22:38:11",NULL
"994","73","126","rejected","member","2021-07-28 23:01:18","2021-08-07 23:01:18"
"995","32","132","approved","member","2021-08-11 12:16:26","2021-08-14 12:16:26"
"996","80","86","rejected","member","2021-07-11 18:06:46","2021-07-18 18:06:46"
"997","18","266","rejected","member","2021-07-26 05:22:22","2021-08-04 05:22:22"
"998","47","138","rejected","member","2021-08-05 07:36:56","2021-08-10 07:36:56"
"999","86","5","new","member","2021-07-13 14:37:58",NULL
"1000","49","291","new","member","2021-08-08 18:59:55",NULL
"1001","91","81","rejected","member","2021-07-19 07:39:11","2021-07-25 07:39:11"
"1002","49","270","approved","member","2021-08-08 15:50:46","2021-08-14 15:50:46"
"1003","57","34","rejected","member","2021-07-14 05:16:45","2021-07-16 05:16:45"
"1004","65","67","approved","member","2021-08-17 15:19:23","2021-08-20 15:19:23"
"1005","7","239","approved","member","2021-07-13 21:16:55","2021-07-23 21:16:55"
"1006","30","1","new","member","2021-08-01 22:12:38",NULL
"1007","38","116","approved","member","2021-07-30 20:53:11","2021-08-02 20:53:11"
"1008","71","40","new","member","2021-07-01 09:32:16",NULL
"1009","96","124","approved","member","2021-07-07 03:40:47","2021-07-10 03:40:47"
"1010","80","93","approved","member","2021-07-05 11:35:53","2021-07-06 11:35:53"
"1011","53","144","rejected","member","2021-07-09 15:15:05","2021-07-16 15:15:05"
"1012","1","29","rejected","member","2021-07-29 00:58:21","2021-08-05 00:58:21"
"1013","29","111","rejected","member","2021-07-28 11:42:03","2021-08-07 11:42:03"
"1014","77","196","rejected","member","2021-07-14 14:38:08","2021-07-20 14:38:08"
"1015","78","130","approved","member","2021-07-17 02:25:47","2021-07-25 02:25:47"
"1017","87","124","new","member","2021-07-31 04:23:07",NULL
"1018","2","213","approved","member","2021-08-06 01:09:12","2021-08-07 01:09:12"
"1019","50","274","new","member","2021-07-15 04:56:40",NULL
"1020","3","293","new","member","2021-07-26 20:52:54",NULL
"1021","13","138","approved","member","2021-07-17 13:26:56","2021-07-19 13:26:56"
"1022","92","179","rejected","member","2021-08-14 23:58:34","2021-08-24 23:58:34"
"1023","7","60","approved","member","2021-08-06 09:57:43","2021-08-07 09:57:43"
"1024","38","162","rejected","member","2021-08-23 22:22:16","2021-08-24 22:22:16"
"1025","11","58","rejected","member","2021-07-19 05:44:59","2021-07-22 05:44:59"
"1026","84","137","approved","member","2021-08-04 09:05:11","2021-08-11 09:05:11"
"1027","13","84","rejected","member","2021-07-28 11:29:02","2021-07-30 11:29:02"
"1028","84","125","rejected","member","2021-07-13 20:40:40","2021-07-20 20:40:40"
"1029","98","165","new","member","2021-07-25 23:37:18",NULL
"1030","57","85","approved","member","2021-07-09 15:51:53","2021-07-15 15:51:53"
"1031","59","171","rejected","member","2021-07-20 18:47:55","2021-07-22 18:47:55"
"1032","27","171","new","member","2021-07-26 15:35:14",NULL
"1033","54","90","new","member","2021-07-21 09:24:12",NULL
"1034","41","27","new","member","2021-07-27 23:32:35",NULL
"1035","42","95","new","member","2021-08-08 16:27:28",NULL
"1036","90","125","approved","member","2021-08-20 07:20:54","2021-08-24 07:20:54"
"1037","13","260","rejected","member","2021-07-21 00:10:28","2021-07-22 00:10:28"
"1038","10","241","rejected","member","2021-07-23 02:17:16","2021-07-25 02:17:16"
"1039","84","292","new","member","2021-08-01 01:46:29",NULL
"1040","88","252","new","member","2021-08-06 12:18:28",NULL
"1041","52","64","rejected","member","2021-07-03 15:05:36","2021-07-09 15:05:36"
"1042","69","194","new","member","2021-08-23 22:53:37",NULL
"1043","87","274","rejected","member","2021-08-05 21:21:41","2021-08-13 21:21:41"
"1044","32","57","new","member","2021-08-17 21:04:46",NULL
"1045","91","30","approved","member","2021-07-07 07:56:35","2021-07-10 07:56:35"
"1046","12","20","new","member","2021-08-18 11:55:40",NULL
"1047","7","184","approved","member","2021-07-10 11:20:57","2021-07-12 11:20:57"
"1048","66","214","approved","member","2021-08-07 11:02:37","2021-08-10 11:02:37"
"1049","6","194","approved","member","2021-07-10 17:42:11","2021-07-14 17:42:11"
"1050","82","265","approved","member","2021-07-24 12:06:25","2021-07-30 12:06:25"
"1051","10","255","approved","member","2021-07-21 23:10:09","2021-07-29 23:10:09"
"1052","85","286","new","member","2021-08-21 19:28:32",NULL
"1053","92","271","new","member","2021-07-29 15:33:27",NULL
"1054","3","32","rejected","member","2021-07-26 00:32:58","2021-07-30 00:32:58"
"1055","2","238","new","member","2021-08-09 12:20:48",NULL
"1056","94","20","new","member","2021-07-09 12:17:30",NULL
"1057","97","147","approved","member","2021-07-02 17:47:22","2021-07-03 17:47:22"
"1058","47","146","new","member","2021-07-09 22:00:03",NULL
"1059","1","228","rejected","member","2021-08-05 11:25:04","2021-08-13 11:25:04"
"1060","35","15","new","member","2021-08-08 04:30:51",NULL
"1061","25","42","approved","member","2021-07-20 08:42:02","2021-07-28 08:42:02"
"1062","6","77","approved","member","2021-07-03 19:27:35","2021-07-11 19:27:35"
"1063","28","244","approved","member","2021-08-24 01:20:58","2021-08-30 01:20:58"
"1064","32","116","rejected","member","2021-07-29 16:31:18","2021-08-02 16:31:18"
"1065","57","195","new","member","2021-08-06 05:54:27",NULL
"1066","63","48","new","member","2021-08-06 08:18:05",NULL
"1067","32","186","approved","member","2021-08-08 03:29:38","2021-08-10 03:29:38"
"1068","11","37","approved","member","2021-07-28 01:40:41","2021-08-03 01:40:41"
"1069","51","149","new","member","2021-07-09 20:00:33",NULL
"1070","24","153","approved","member","2021-07-29 18:56:27","2021-08-04 18:56:27"
"1071","70","24","approved","member","2021-07-11 14:46:50","2021-07-15 14:46:50"
"1072","5","102","new","member","2021-08-12 13:37:02",NULL
"1073","12","226","new","member","2021-07-29 04:16:10",NULL
"1074","20","89","approved","member","2021-08-06 17:00:16","2021-08-16 17:00:16"
"1075","64","178","approved","member","2021-07-31 03:00:12","2021-08-09 03:00:12"
"1076","9","9","approved","member","2021-07-18 09:33:10","2021-07-28 09:33:10"
"1077","53","238","approved","member","2021-08-24 14:47:44","2021-09-02 14:47:44"
"1078","31","134","rejected","member","2021-07-25 11:35:57","2021-07-27 11:35:57"
"1079","9","180","approved","member","2021-07-10 12:24:36","2021-07-14 12:24:36"
"1080","55","17","rejected","member","2021-08-14 06:37:55","2021-08-20 06:37:55"
"1081","35","138","new","member","2021-07-22 15:01:12",NULL
"1082","71","270","approved","member","2021-07-02 08:42:16","2021-07-10 08:42:16"
"1084","66","57","rejected","member","2021-07-18 17:09:40","2021-07-21 17:09:40"
"1085","14","149","new","member","2021-07-21 09:00:44",NULL
"1086","34","31","approved","member","2021-07-27 22:06:49","2021-08-06 22:06:49"
"1087","30","26","approved","member","2021-08-14 05:59:20","2021-08-22 05:59:20"
"1088","87","51","new","member","2021-08-08 06:26:20",NULL
"1089","44","55","rejected","member","2021-07-06 18:11:49","2021-07-11 18:11:49"
"1090","81","139","new","member","2021-08-03 02:37:48",NULL
"1091","4","183","rejected","member","2021-08-11 22:31:42","2021-08-15 22:31:42"
"1092","71","62","approved","member","2021-07-28 22:40:24","2021-07-30 22:40:24"
"1093","59","238","rejected","member","2021-07-04 22:44:32","2021-07-09 22:44:32"
"1094","79","195","new","member","2021-08-09 16:46:49",NULL
"1095","19","80","new","member","2021-07-09 19:21:51",NULL
"1096","1","240","approved","member","2021-07-07 05:25:19","2021-07-09 05:25:19"
"1097","62","196","approved","member","2021-07-13 22:34:11","2021-07-14 22:34:11"
"1098","100","128","approved","member","2021-07-23 16:42:53","2021-08-01 16:42:53"
"1099","34","54","approved","member","2021-08-23 20:55:09","2021-08-25 20:55:09"
"1100","16","59","new","member","2021-07-21 12:59:18",NULL
"1101","99","157","rejected","member","2021-08-23 03:23:48","2021-08-24 03:23:48"
