"id","firstName","middleName","lastName","userName","mobile","email","passwordHash","registeredAt","lastLogin","intro","profile","gender"
"1","Kenn",NULL,"Naris","knaris0","3186702786","knaris0@skype.com","HcWSiohU72sb","2021-07-09 00:16:09",NULL,"Information Systems Manager","unleash wireless architectures",NULL
"2","Jennifer",NULL,"Leehane","jleehane1","6687207855","jleehane1@walmart.com","UzqSWZD5CW6q","2021-08-10 14:29:03",NULL,"Programmer III","e-enable dot-com bandwidth","f"
"3","Merilee",NULL,"Cornely","mcornely2","6199838880","mcornely2@cam.ac.uk","96TEt8LdKP","2021-07-11 09:43:31","2021-07-05 03:11:10","Editor","scale value-added eyeballs",NULL
"4","Sophronia","Drance","Milton",NULL,"5527579377","smilton3@ft.com","wDXJ1EPx","2021-08-06 21:07:22","2021-07-12 13:06:18","Desktop Support Technician","brand front-end platforms",NULL
"5","Quill","Rendell","Beadell","qbeadell4","6032360300","qbeadell4@salon.com","G2aEss3TrK","2021-08-03 16:52:01",NULL,"Senior Quality Engineer","scale 24/365 users",NULL
"6","Silvie",NULL,"Vernazza","svernazza5","9787648018","svernazza5@army.mil","kmOGPCum","2021-07-19 18:55:18","2021-07-14 08:38:50","Research Associate","empower leading-edge e-markets",NULL
"7","Berton",NULL,"Cabell","bcabell6","5197110612","bcabell6@shareasale.com","JsoNM0k","2021-08-16 16:52:43","2021-07-16 23:55:39","Budget/Accounting Analyst IV","extend back-end supply-chains",NULL
"8","Bernete",NULL,"Beebe","bbeebe7","4963716518","bbeebe7@bbc.co.uk","YNVVxb","2021-07-08 01:33:56",NULL,"Assistant Manager","disintermediate virtual niches",NULL
"9","Josefa",NULL,"Lauxmann","jlauxmann8","8337729135","jlauxmann8@youtu.be","bS69K26nmlKB","2021-08-24 23:00:47",NULL,"Project Manager","scale collaborative e-markets","f"
"10","Lacey",NULL,"Bosence","lbosence9","6485032621","lbosence9@seesaa.net","thC0mM0tMTl","2021-07-04 01:03:18",NULL,"Product Engineer","harness distributed communities",NULL
"11","Ardelia",NULL,"Madner","amadnera","1178858385","amadnera@adobe.com","bDPZsyL0","2021-07-03 22:19:31","2021-08-11 17:14:03","Recruiting Manager","utilize frictionless paradigms","f"
"12","Tiffany","von Grollmann","Schwandner","tschwandnerb","7031605954","tschwandnerb@answers.com","zeSLIyHydqn","2021-07-30 14:14:22","2021-07-20 16:32:27","General Manager","repurpose back-end architectures",NULL
"13","Alisun","Jeune","Bonas","abonasc","3923083750","abonasc@cafepress.com","nKjKRe","2021-07-08 05:13:50","2021-07-31 15:00:17","Accounting Assistant III","utilize viral web services",NULL
"14","Bartram",NULL,"Dackombe","bdackombed","5029847406","bdackombed@histats.com","kzvyVeIRa","2021-07-01 21:59:23","2021-07-21 02:54:14","Community Outreach Specialist","expedite seamless systems",NULL
"15","Sandy",NULL,"Bree","sbreee","6314355996","sbreee@geocities.jp","M6Ss3J0","2021-07-27 06:24:32",NULL,"Senior Editor","exploit back-end portals",NULL
"16","Samuel","Gormally","Cutill","scutillf","6477626185","scutillf@time.com","rSdQwmdDN4","2021-07-10 01:20:30",NULL,"Business Systems Development Analyst","orchestrate intuitive channels","m"
"17","Reed","McMichan","Rontree","rrontreeg","5624168890","rrontreeg@yahoo.co.jp","btUTC76bhIk","2021-08-15 07:09:04",NULL,"Media Manager IV","disintermediate next-generation initiatives",NULL
"18","Erwin",NULL,"Kitchen","ekitchenh","6856318547","ekitchenh@cdbaby.com","L8MIu0h7pw","2021-08-07 11:04:36","2021-07-15 10:52:42","Staff Scientist","iterate cutting-edge models","m"
"19","Evangelia",NULL,"Macklin","emacklini","4072611075","emacklini@liveinternet.ru","rTTwnoSYqRY","2021-08-12 08:09:45","2021-07-13 07:08:06","Senior Sales Associate","transition holistic infrastructures","f"
"20","Claudio",NULL,"Moles","cmolesj","2073133260","cmolesj@blogspot.com","0sHcV3Q3","2021-08-13 17:10:05","2021-07-11 03:51:54","Actuary","unleash integrated schemas",NULL
"21","Tabina",NULL,"Debow","tdebowk","9862525904","tdebowk@ustream.tv","fL0XD7VPnZ1","2021-07-20 01:04:27","2021-08-16 15:31:49","Dental Hygienist","incentivize leading-edge infrastructures",NULL
"22","Haley",NULL,"Sidnell","hsidnelll","3007149460","hsidnelll@merriam-webster.com","XJdnqJeH","2021-07-31 02:25:45","2021-07-27 17:03:02","Data Coordiator","revolutionize collaborative portals",NULL
"23","Darryl",NULL,"Crepel","dcrepelm","9515514965","dcrepelm@smh.com.au","VuwG2kwZz","2021-08-06 09:23:17","2021-08-22 18:55:48","Web Designer IV","enhance real-time communities",NULL
"24","Aguistin","Foldes","Creegan",NULL,"7007542788","acreegann@bigcartel.com","G4idbAJxtd","2021-07-31 19:08:35","2021-08-19 19:49:42","Teacher","scale compelling systems",NULL
"25","Codie","Sawer","Gillespey","cgillespeyo","8377418868","cgillespeyo@google.co.jp","a6uT0rvZdZP","2021-07-16 11:59:54","2021-07-10 07:16:04","Senior Editor","extend front-end technologies","f"
"26","Pryce",NULL,"Southward","psouthwardp","7233233295","psouthwardp@amazon.com","UJQDRzzLgj","2021-07-11 14:31:33",NULL,"Senior Quality Engineer","exploit e-business vortals","m"
"27","Amil",NULL,"Stuchbury","astuchburyq","2662292542","astuchburyq@myspace.com","sTD30eSHFbMZ","2021-07-06 10:12:22","2021-08-08 18:15:59","General Manager","productize out-of-the-box functionalities","f"
"28","Lucho","Cordsen","MacVean","lmacveanr","6435876803","lmacveanr@ustream.tv","SfwLtqe5KTeR","2021-07-08 22:26:41",NULL,"Speech Pathologist","transform back-end e-business",NULL
"29","Erinn","Dyerson","Simoneton","esimonetons","8461881722","esimonetons@addtoany.com","LIS6eBKRd","2021-08-13 20:57:46",NULL,"Junior Executive","matrix ubiquitous relationships",NULL
"30","Marena",NULL,"Metzing","mmetzingt","7355823618","mmetzingt@blogs.com","9G9q6U","2021-08-08 05:50:40",NULL,"Junior Executive","disintermediate value-added e-business","f"
"31","Ragnar",NULL,"MacNockater","rmacnockateru","5149692602","rmacnockateru@plala.or.jp","HoUMguS0q","2021-08-23 10:55:03",NULL,"Structural Analysis Engineer","matrix open-source e-markets","m"
"32","Chase",NULL,"Anyon","canyonv","2383059249","canyonv@sciencedaily.com","mljL8biFdRD","2021-07-31 16:52:17","2021-07-08 11:02:21","Technical Writer","syndicate compelling ROI","m"
"33","Milly",NULL,"Braundt",NULL,"8202920026","mbraundtw@bloglovin.com","hFqy5Ijn0V","2021-08-12 12:18:03","2021-07-03 14:55:48","Web Developer I","transform open-source initiatives",NULL
"34","Frank",NULL,"Adriano","fadrianox","5431699298","fadrianox@de.vu","kLRcr9c8Y","2021-08-17 08:35:34",NULL,"Pharmacist","engineer out-of-the-box communities",NULL
"35","Robbin",NULL,"Chaise","rchaisey","9163196608","rchaisey@fema.gov","utp5AXCBFO","2021-07-24 06:31:00","2021-08-06 01:04:12","Sales Representative","incubate frictionless portals",NULL
"36","Moreen",NULL,"Schoolcroft","mschoolcroftz","2222521823","mschoolcroftz@vinaora.com","3dQxN3","2021-07-19 19:58:03","2021-07-08 08:40:53","Administrative Assistant II","incentivize front-end action-items","f"
"37","Dunstan",NULL,"Colter","dcolter10","9583061411","dcolter10@usgs.gov","pUNV6V9R","2021-07-13 07:01:17",NULL,"Help Desk Operator","productize distributed relationships",NULL
"38","Eirena","Thornthwaite","Goodwins","egoodwins11","1106575966","egoodwins11@home.pl","H4NkiT0O","2021-08-23 11:24:19",NULL,"Senior Financial Analyst","revolutionize 24/365 paradigms","f"
"39","Fredelia",NULL,"McTrustrie","fmctrustrie12","7936492037","fmctrustrie12@surveymonkey.com","JSfiHV5","2021-08-06 05:13:25","2021-08-03 09:23:09","Biostatistician I","brand dynamic deliverables","f"
"40","Cathy","Eaglen","Castellaccio",NULL,"4162686635","ccastellaccio13@theglobeandmail.com","oBmCN7","2021-07-05 23:30:01","2021-08-05 21:58:24","Structural Engineer","unleash intuitive e-commerce",NULL
"41","Persis",NULL,"Currao","pcurrao14","4926805753","pcurrao14@si.edu","8Fxzg56A0e","2021-08-14 04:55:31",NULL,"Senior Editor","generate interactive web-readiness","f"
"42","Tulley","Longbothom","Keeble","tkeeble15","6186916734","tkeeble15@4shared.com","gFhkxW4O","2021-07-02 11:13:00","2021-07-02 06:29:31","Biostatistician III","empower one-to-one e-business","m"
"43","Harley",NULL,"Camerati","hcamerati16","7899812204","hcamerati16@cafepress.com","TgCgA5YPVXo","2021-07-04 06:58:18","2021-07-12 05:37:02","Media Manager II","monetize scalable functionalities","m"
"44","Timmie","Jeffcock","Base",NULL,"8151511086","tbase17@altervista.org","DMAu8kwVR2mU","2021-07-25 13:19:51","2021-07-20 06:00:05","Project Manager","evolve viral synergies",NULL
"45","Vergil",NULL,"Mainston","vmainston18","9097896595","vmainston18@nps.gov","FfrURoquIBp","2021-07-20 07:52:19",NULL,"Analog Circuit Design manager","enable strategic systems","m"
"46","Gay",NULL,"Lindenbluth","glindenbluth19","3938505523","glindenbluth19@goo.ne.jp","QXrrWv6kR3","2021-07-10 22:30:20","2021-08-04 04:26:57","Web Developer III","transition 24/7 methodologies",NULL
"47","Vivyan",NULL,"Russi","vrussi1a","8038360857","vrussi1a@patch.com","2BZsSart","2021-07-17 19:46:14","2021-07-19 21:00:31","Financial Advisor","reinvent leading-edge interfaces","f"
"48","Ferdinande",NULL,"Pitkaithly","fpitkaithly1b","3763050049","fpitkaithly1b@1688.com","Li9yJ9KJK","2021-07-12 09:47:03","2021-07-10 05:39:15","Speech Pathologist","integrate dot-com technologies","f"
"49","Benjie",NULL,"Cliburn","bcliburn1c","4751757631","bcliburn1c@storify.com","KZWtRFUf","2021-07-26 12:12:54",NULL,"Social Worker","iterate vertical paradigms",NULL
"50","Nikkie",NULL,"Erlam",NULL,"2108253621","nerlam1d@webnode.com","XfhZa5m424","2021-08-06 02:59:15",NULL,"Health Coach IV","target enterprise portals",NULL
"51","Benton","Damper","Dyerson","bdyerson1e","9192837090","bdyerson1e@rediff.com","MU4GKp","2021-07-31 00:21:04",NULL,"Web Designer III","enable plug-and-play channels","m"
"52","Laryssa","Swainger","Lovart","llovart1f","5652368011","llovart1f@senate.gov","APOHMwsb","2021-07-05 05:39:10","2021-07-21 09:30:49","Business Systems Development Analyst","cultivate B2C portals",NULL
"53","Pedro",NULL,"Carlyon","pcarlyon1g","3141268977","pcarlyon1g@cocolog-nifty.com","5zveZK0xq","2021-07-23 23:33:03",NULL,"Web Developer IV","optimize visionary vortals",NULL
"54","Doralynn",NULL,"Coleford",NULL,"7853171572","dcoleford1h@ca.gov","3mHDGU9","2021-08-22 10:03:17","2021-07-29 15:35:44","VP Accounting","disintermediate 24/365 infrastructures",NULL
"55","Ave",NULL,"Codman","acodman1i","6015574068","acodman1i@blogspot.com","DgqDVPRJbTZE","2021-08-12 07:46:27","2021-07-10 06:17:47","Information Systems Manager","monetize customized ROI",NULL
"56","Anni",NULL,"Ather","aather1j","2678566264","aather1j@reverbnation.com","zFBpdmUSnG","2021-07-12 07:30:34",NULL,"Developer III","unleash out-of-the-box initiatives","f"
"57","Rianon",NULL,"Laguerre","rlaguerre1k","3793299639","rlaguerre1k@dailymail.co.uk","TwzHKtBSzWJ","2021-07-15 00:45:19",NULL,"Nuclear Power Engineer","strategize innovative e-tailers",NULL
"58","Alica",NULL,"Kenneford",NULL,"3521533568","akenneford1l@studiopress.com","yCmeyN","2021-07-06 11:46:24","2021-07-18 12:12:05","Registered Nurse","harness frictionless vortals",NULL
"59","Cloe","Tallboy","Elves",NULL,"5603531247","celves1m@deliciousdays.com","1nkqAt2ZdTOz","2021-07-13 11:43:39","2021-08-09 18:37:15","Computer Systems Analyst II","enhance B2C models",NULL
"60","Eran","Ide","Olle",NULL,"4931212033","eolle1n@walmart.com","SBQPwPRGCa7","2021-08-15 05:41:43","2021-07-02 18:37:17","Occupational Therapist","envisioneer bricks-and-clicks infomediaries","f"
"61","Kristofor",NULL,"Knath","kknath1o","3466594427","kknath1o@youtube.com","sCFHd8","2021-08-15 18:40:58","2021-08-10 23:54:32","Pharmacist","recontextualize robust metrics","m"
"62","Nikolas",NULL,"Ragsdall","nragsdall1p","5568533132","nragsdall1p@mapquest.com","SBFIRO","2021-07-26 14:27:22","2021-08-14 20:30:31","Software Test Engineer IV","monetize out-of-the-box systems",NULL
"63","Anthony",NULL,"Croutear","acroutear1q","8709057002","acroutear1q@ebay.co.uk","7LEkeoerxba","2021-08-04 12:22:31",NULL,"Senior Editor","grow impactful niches","m"
"64","Harold",NULL,"Trevain","htrevain1r","4276269556","htrevain1r@theguardian.com","PG1q74iILsFo","2021-07-19 02:31:55","2021-08-18 12:56:21","Statistician III","generate dynamic technologies","m"
"65","Beverly",NULL,"Agott","bagott1s","8049194422","bagott1s@nymag.com","YDXcwXt3I","2021-07-11 14:15:56",NULL,"Registered Nurse","cultivate granular partnerships","f"
"66","Corrinne",NULL,"O'Dea","codea1t","6285789301","codea1t@sitemeter.com","phY59SQ","2021-07-05 21:16:52","2021-07-13 09:15:57","Staff Scientist","strategize front-end niches",NULL
"67","Bobbie",NULL,"Habbert","bhabbert1u","2387285301","bhabbert1u@answers.com","N3eowIw9uF9C","2021-08-01 05:16:59","2021-07-05 00:16:34","Associate Professor","unleash cross-media deliverables","m"
"68","Gregoor","Simonsson","Blueman","gblueman1v","6856364677","gblueman1v@army.mil","IPCWvZyHC","2021-08-19 06:04:34",NULL,"Chemical Engineer","incubate one-to-one users","m"
"69","Nichol","Crunkhurn","Broome",NULL,"7099776797","nbroome1w@gnu.org","UAyFiF","2021-07-25 08:32:10","2021-08-11 04:32:04","Occupational Therapist","monetize enterprise synergies","f"
"70","Nero",NULL,"Branno","nbranno1x","5656824076","nbranno1x@networkadvertising.org","UxE8rG3OR","2021-07-22 06:32:17",NULL,"Paralegal","brand extensible interfaces",NULL
"71","Livy",NULL,"McCullagh","lmccullagh1y","7913981535","lmccullagh1y@github.io","ig2bjjh1g","2021-07-18 06:07:46",NULL,"Social Worker","mesh granular supply-chains","f"
"72","Janek",NULL,"Lyfield","jlyfield1z","8656436195","jlyfield1z@flickr.com","Q5Iz5F","2021-07-02 21:02:19",NULL,"Database Administrator IV","optimize innovative interfaces",NULL
"73","Alex",NULL,"Paz","apaz20","8426201235","apaz20@cam.ac.uk","WRrZ6Vz","2021-08-22 19:47:59",NULL,"Compensation Analyst","brand transparent convergence",NULL
"74","Brion",NULL,"Hainning","bhainning21","6003857392","bhainning21@comsenz.com","Q7yWkdjsGTl","2021-08-18 00:00:52",NULL,"Nurse Practicioner","benchmark viral supply-chains","m"
"75","Tiphanie",NULL,"Dufore","tdufore22","9726289605","tdufore22@paypal.com","pzA4JCEe","2021-07-05 06:29:25","2021-08-09 06:34:10","Automation Specialist III","whiteboard cross-media synergies","f"
"76","Jdavie",NULL,"Pendall",NULL,"8074706390","jpendall23@msu.edu","0O0U7B","2021-07-14 19:58:05","2021-07-15 23:07:26","Sales Representative","generate ubiquitous synergies","m"
"77","Jewelle",NULL,"McLuckie","jmcluckie24","3916353312","jmcluckie24@blog.com","JMx1Zwe","2021-07-18 08:47:04","2021-07-25 18:25:27","VP Accounting","mesh sticky action-items","f"
"78","Jenica",NULL,"McIlheran","jmcilheran25","4073356163","jmcilheran25@bandcamp.com","JEkBsxKRE3","2021-07-04 04:47:15",NULL,"Nurse Practicioner","whiteboard mission-critical mindshare",NULL
"79","Elijah",NULL,"Ingree",NULL,"1269243972","eingree26@comsenz.com","OXUwJXfQ65Nt","2021-08-15 16:40:47","2021-07-25 22:39:24","Human Resources Manager","facilitate end-to-end infrastructures","m"
"80","Rusty",NULL,"Woltman","rwoltman27","3463458260","rwoltman27@360.cn","9J2jDdRc1","2021-08-06 11:47:08","2021-08-16 08:58:22","Product Engineer","synthesize next-generation portals",NULL
"81","Levy","Creboe","Haydon","lhaydon28","5772524412","lhaydon28@nps.gov","rJJ19G3t990","2021-08-12 15:07:40",NULL,"Accounting Assistant II","grow dot-com architectures","m"
"82","Sharia",NULL,"Fraser",NULL,"8642740891","sfraser29@deviantart.com","OZJcGNkpCJ","2021-07-03 17:07:06",NULL,"Senior Sales Associate","reinvent leading-edge networks",NULL
"83","Samson",NULL,"Bricket","sbricket2a","2414546973","sbricket2a@mashable.com","MPmGaJfKvJ","2021-07-19 18:11:25","2021-08-01 11:34:47","Product Engineer","aggregate global applications","m"
"84","Evelina","Garriock","Grigoire","egrigoire2b","2777348132","egrigoire2b@cafepress.com","eDOV3jCnGfx","2021-07-05 03:15:19","2021-08-11 03:30:12","Software Engineer IV","optimize cross-platform portals",NULL
"85","Sim",NULL,"Wimlett","swimlett2c","7344453690","swimlett2c@ask.com","cawI3edM","2021-08-04 10:50:24","2021-07-22 08:41:18","VP Sales","unleash mission-critical web services","m"
"86","Bernetta",NULL,"Laviss","blaviss2d","5715242620","blaviss2d@aol.com","R1pGCQ8vd","2021-07-11 06:08:57","2021-08-23 06:18:05","Research Associate","enable robust users","f"
"87","Tammy",NULL,"Godier","tgodier2e","7268412978","tgodier2e@mozilla.com","UQZOtWci","2021-08-01 22:29:54","2021-07-24 21:50:13","Cost Accountant","engage impactful action-items",NULL
"88","Nananne","Waine","Mingey","nmingey2f","2109500654","nmingey2f@canalblog.com","GgcCZku","2021-07-17 05:28:25","2021-08-23 12:03:25","Human Resources Assistant II","e-enable cross-media initiatives",NULL
"89","Orv","Pearson","Wincott",NULL,"1152799535","owincott2g@sina.com.cn","txLvwNv7tMw","2021-07-30 04:52:27","2021-08-07 07:46:39","Research Nurse","transform scalable schemas","m"
"90","Hendrika",NULL,"Fazan","hfazan2h","8276995588","hfazan2h@nyu.edu","IZqLeydlD75Q","2021-08-14 14:29:36","2021-07-13 03:21:29","Office Assistant I","matrix holistic supply-chains",NULL
"91","Kiri","Caulcutt","Birwhistle","kbirwhistle2i","4708292168","kbirwhistle2i@amazon.co.jp","EfWU7a2t9p","2021-07-15 01:47:12","2021-08-11 11:06:45","Budget/Accounting Analyst I","leverage bricks-and-clicks eyeballs","f"
"92","Gibbie",NULL,"Hacking","ghacking2j","2721748420","ghacking2j@illinois.edu","lNXgZq5ibv","2021-07-31 18:10:11","2021-08-10 14:01:27","Marketing Manager","utilize scalable synergies",NULL
"93","Candice","Cooch","Bromley","cbromley2k","2103271757","cbromley2k@nytimes.com","wMu34TNzs","2021-07-31 21:12:49",NULL,"Research Assistant III","integrate back-end deliverables","f"
"94","Bourke",NULL,"Matuszyk","bmatuszyk2l","7601682281","bmatuszyk2l@unicef.org","0UeeuGJ","2021-08-03 01:46:37","2021-08-14 12:10:51","Quality Engineer","brand leading-edge web services","m"
"95","Jemmy","Danelet","Pennoni","jpennoni2m","7679818908","jpennoni2m@shop-pro.jp","aAjO0x5L58","2021-07-06 19:08:09",NULL,"Data Coordiator","strategize granular applications","f"
"96","Caralie",NULL,"Stathers",NULL,"7725524625","cstathers2n@newyorker.com","LeESMxQny","2021-07-04 14:09:07","2021-08-18 09:15:02","Nurse Practicioner","target bleeding-edge supply-chains","f"
"97","Clim",NULL,"Wrist","cwrist2o","1591163723","cwrist2o@umn.edu","xyGQVqHA","2021-08-15 02:17:26",NULL,"Media Manager I","enhance back-end communities","m"
"98","Alex",NULL,"Iffe",NULL,"5215285765","aiffe2p@sina.com.cn","v5e2Jsd","2021-08-08 06:19:16","2021-07-30 13:33:10","Technical Writer","benchmark efficient bandwidth","m"
"99","Werner","Collingdon","Date","wdate2q","9502802508","wdate2q@examiner.com","Rl7rBn2","2021-07-27 07:27:52","2021-08-19 06:12:44","Social Worker","synthesize integrated users",NULL
"100","Arty",NULL,"Radbone","aradbone2r","7027196373","aradbone2r@spotify.com","r9w7Vzldyp","2021-07-19 04:07:35","2021-07-05 03:18:07","Senior Financial Analyst","redefine e-business architectures","m"
"101","Kristin",NULL,"Camber","kcamber2s","4523504614","kcamber2s@wikia.com","fZ3XGRnR","2021-07-17 14:10:07","2021-08-08 23:00:51","Desktop Support Technician","facilitate cross-platform eyeballs",NULL
"102","Lenci",NULL,"Preece","lpreece2t","8261016753","lpreece2t@altervista.org","xTTcM9y","2021-07-21 18:52:43","2021-07-22 11:17:25","Clinical Specialist","exploit frictionless bandwidth",NULL
"103","Alidia",NULL,"Lardez","alardez2u","5824996604","alardez2u@va.gov","bB3EyzZGIX","2021-07-21 12:02:17","2021-08-20 09:12:27","Speech Pathologist","engage e-business partnerships","f"
"104","Pembroke","Bwye","Wevell",NULL,"9787168477","pwevell2v@oakley.com","im88f9L7dI","2021-08-05 08:41:02","2021-07-14 03:23:24","Professor","scale synergistic functionalities","m"
"105","Agathe",NULL,"Morehall","amorehall2w","7241403854","amorehall2w@histats.com","p25zJGNHI","2021-08-24 09:06:01","2021-08-24 22:19:24","Electrical Engineer","orchestrate magnetic web-readiness",NULL
"106","Sibel",NULL,"Rhymes","srhymes2x","2048495531","srhymes2x@jigsy.com","BYUuZGcW0FvE","2021-08-10 19:06:31","2021-07-16 08:02:45","Project Manager","disintermediate interactive solutions","f"
"107","Delinda",NULL,"Alldre",NULL,"5712247607","dalldre2y@chronoengine.com","q9nr3BQ4A","2021-08-04 12:20:31","2021-08-12 00:08:49","Associate Professor","deliver synergistic vortals",NULL
"108","Neill",NULL,"Higgen","nhiggen2z","9591916769","nhiggen2z@wikipedia.org","nDKDguzo","2021-08-15 03:45:20","2021-08-15 08:04:54","Electrical Engineer","cultivate B2C networks",NULL
"109","Salomi",NULL,"Tofts","stofts30","4861143494","stofts30@chicagotribune.com","RTTVxgSQS7","2021-08-23 11:50:36",NULL,"Community Outreach Specialist","synthesize cross-media portals",NULL
"110","Marina",NULL,"Ferney",NULL,"8988984065","mferney31@about.com","IZCuihuEs","2021-07-31 06:11:52",NULL,"Sales Associate","drive dot-com convergence","f"
"111","Mathe","Cherrington","Standon","mstandon32","1289801224","mstandon32@netvibes.com","Vcbekwb","2021-07-25 08:43:58","2021-08-05 10:29:01","Geological Engineer","syndicate clicks-and-mortar e-business",NULL
"112","Madonna",NULL,"Benham","mbenham33","8238795648","mbenham33@bbb.org","gXxQuJ0d2Nso","2021-07-10 12:06:20",NULL,"Electrical Engineer","enable magnetic synergies",NULL
"113","Ikey",NULL,"Torrance","itorrance34","9911270801","itorrance34@economist.com","5yoGYsfh","2021-07-22 19:15:00","2021-08-22 00:29:16","Research Assistant II","generate robust content","m"
"114","Wendell","Greet","Eagar","weagar35","4157485850","weagar35@last.fm","8zHP9AQ","2021-08-16 13:01:48","2021-07-21 22:54:56","Human Resources Assistant III","grow compelling architectures","m"
"115","Siffre","Shute","Renfrew","srenfrew36","2752560535","srenfrew36@clickbank.net","efIq9fqaGv","2021-08-05 03:53:12",NULL,"Clinical Specialist","scale next-generation networks",NULL
"116","Sherlocke",NULL,"Vairow","svairow37","9256001072","svairow37@washington.edu","EY37CbTdy","2021-08-03 19:00:39",NULL,"Web Developer II","redefine visionary users",NULL
"117","Cathyleen",NULL,"Whimpenny","cwhimpenny38","9792009976","cwhimpenny38@ucsd.edu","RSWR4a","2021-08-19 23:13:32","2021-07-15 18:24:43","Community Outreach Specialist","benchmark clicks-and-mortar mindshare",NULL
"118","Julienne","Bumpas","Beany",NULL,"7251887800","jbeany39@ocn.ne.jp","SkjT7M6tYAS1","2021-07-30 20:20:47","2021-07-27 08:30:36","Budget/Accounting Analyst I","matrix end-to-end infomediaries",NULL
"119","Karissa","Fulford","Lindemann","klindemann3a","2606132762","klindemann3a@zdnet.com","B18UF0CX","2021-08-11 05:28:22",NULL,"Automation Specialist I","streamline virtual initiatives",NULL
"120","Rafa",NULL,"Andrzej",NULL,"6505699976","randrzej3b@list-manage.com","X9wCa6","2021-07-04 17:36:43",NULL,"Librarian","unleash virtual communities",NULL
"121","Dan",NULL,"Couper","dcouper3c","5605261768","dcouper3c@ask.com","0HcRUZmH0","2021-07-20 10:18:14",NULL,"VP Quality Control","maximize global e-business","m"
"122","Lyell","O'Kerin","Kubista","lkubista3d","7824422040","lkubista3d@twitpic.com","zHaXWR","2021-08-02 19:20:05",NULL,"Environmental Tech","visualize collaborative convergence",NULL
"123","Agnola",NULL,"Batisse",NULL,"5864246083","abatisse3e@sun.com","d0RzcZLt4Z","2021-08-02 22:18:29",NULL,"Web Designer IV","seize dynamic applications",NULL
"124","Hannah",NULL,"Marguerite","hmarguerite3f","7805801919","hmarguerite3f@tmall.com","q9jNLRRTj","2021-07-06 11:09:54","2021-07-30 14:32:06","Human Resources Manager","incubate B2C web-readiness",NULL
"125","Lia",NULL,"Style","lstyle3g","8149237534","lstyle3g@huffingtonpost.com","KsKR1BGE9r","2021-07-27 17:50:14","2021-08-13 05:18:47","Quality Engineer","extend integrated vortals",NULL
"126","Philbert","Giller","Dabnor","pdabnor3h","6215404772","pdabnor3h@aboutads.info","OezUj8","2021-08-11 21:48:43","2021-07-27 03:00:27","Marketing Assistant","transform killer schemas","m"
"127","Eleen","Mellanby","Burgh",NULL,"3027377183","eburgh3i@pinterest.com","Dq1ESCpfdC","2021-08-23 09:37:00",NULL,"Pharmacist","utilize vertical e-markets",NULL
"128","Marietta",NULL,"Swalteridge","mswalteridge3j","3094091277","mswalteridge3j@gov.uk","pz6KGQS","2021-07-14 18:10:48",NULL,"Media Manager III","optimize front-end interfaces","f"
"129","Gal",NULL,"Le Gallo","glegallo3k","8506958788","glegallo3k@stumbleupon.com","mXmk0MRU","2021-07-08 04:29:11","2021-07-10 16:09:02","Compensation Analyst","redefine cutting-edge functionalities",NULL
"130","Lilli",NULL,"Sankey","lsankey3l","5863201760","lsankey3l@yahoo.co.jp","a88Oakc8yOc","2021-07-05 19:13:36",NULL,"Programmer II","orchestrate cross-media methodologies",NULL
"131","Vito","Sterricker","Brompton","vbrompton3m","2124541195","vbrompton3m@ucoz.com","4jGqidH9H","2021-07-03 10:08:57",NULL,"Senior Financial Analyst","matrix open-source action-items","m"
"132","Debi",NULL,"Severns","dseverns3n","5144105686","dseverns3n@furl.net","cGYzKt","2021-08-13 00:26:54",NULL,"Cost Accountant","recontextualize cutting-edge experiences",NULL
"133","Duky","Balsellie","Kinsell","dkinsell3o","4039109852","dkinsell3o@go.com","Tkh8Olm","2021-08-03 20:58:26","2021-08-07 10:07:50","Marketing Manager","drive sticky e-markets","m"
"134","Lynnett",NULL,"Pennetti",NULL,"6072372635","lpennetti3p@sciencedaily.com","8TAb738GY95f","2021-08-09 23:13:05","2021-08-08 19:20:50","Staff Scientist","reintermediate seamless paradigms","f"
"135","Stefan",NULL,"Tritton","stritton3q","7143162818","stritton3q@senate.gov","BXnut5T","2021-07-05 15:19:03","2021-07-21 19:39:39","Recruiting Manager","maximize sexy functionalities","m"
"136","Elwin","Gert","Helliar","ehelliar3r","1308707664","ehelliar3r@army.mil","GvbNJkBdAE8E","2021-07-01 21:41:45","2021-08-14 13:16:59","Database Administrator IV","enable dynamic e-business","m"
"137","Teodorico","Jervis","Dyer","tdyer3s","9377746731","tdyer3s@globo.com","Qkz0zOapMu","2021-07-14 14:15:23","2021-07-02 23:42:38","Design Engineer","matrix value-added portals",NULL
"138","Trevor","Blazynski","Cartmer","tcartmer3t","9738282949","tcartmer3t@cnn.com","DsLbbyuVxz","2021-07-24 10:49:48",NULL,"Structural Analysis Engineer","seize cross-media experiences","m"
"139","Juliann",NULL,"Roset","jroset3u","1851729505","jroset3u@census.gov","ewJiHV6NIMO2","2021-07-25 08:35:30","2021-08-10 15:27:57","Senior Sales Associate","expedite back-end markets",NULL
"140","Miltie",NULL,"Baal","mbaal3v","8976302301","mbaal3v@github.io","PlssTq64VV","2021-07-14 15:38:26","2021-07-25 07:15:01","Accounting Assistant I","implement visionary e-commerce","m"
"141","Hugibert","Morson","Battle","hbattle3w","9651894047","hbattle3w@bing.com","ZVDI44pek","2021-07-16 17:40:35","2021-08-17 21:13:41","Nurse","expedite impactful metrics","m"
"142","Sherye","Raddan","Fouldes","sfouldes3x","8443285969","sfouldes3x@state.gov","pevmgRTDu","2021-08-18 16:27:16",NULL,"Data Coordiator","engineer viral initiatives",NULL
"143","Stacee",NULL,"Leavold","sleavold3y","9946277067","sleavold3y@barnesandnoble.com","EIOpKEia39Le","2021-08-05 05:52:06","2021-07-03 15:54:21","Tax Accountant","incentivize bleeding-edge bandwidth","m"
"144","Jonathon",NULL,"de Juares","jdejuares3z","4475564329","jdejuares3z@fema.gov","2if4QRo","2021-08-07 13:46:34","2021-07-17 07:49:39","Senior Quality Engineer","monetize robust infrastructures","m"
"145","Karyl",NULL,"Clemon","kclemon40","4369380880","kclemon40@alexa.com","wvSjZVDEB33","2021-08-09 16:52:34","2021-08-18 12:13:00","Administrative Officer","e-enable global users",NULL
"146","Lonnard",NULL,"Callam","lcallam41","7958683810","lcallam41@mac.com","i4gSJO3Py","2021-08-15 09:51:53",NULL,"Health Coach II","cultivate efficient deliverables","m"
"147","Nicolai","Currey","Caselick","ncaselick42","4349023188","ncaselick42@deliciousdays.com","N81NTQxgemYB","2021-08-23 04:16:41","2021-08-21 19:43:10","Quality Control Specialist","extend leading-edge e-commerce",NULL
"148","Yasmeen",NULL,"Tomblett","ytomblett43","5176797891","ytomblett43@so-net.ne.jp","tpZTU33C","2021-08-11 13:46:33","2021-08-22 16:37:55","Physical Therapy Assistant","revolutionize distributed synergies",NULL
"149","Gizela",NULL,"Vaughn","gvaughn44","6089709923","gvaughn44@goo.ne.jp","UqGf7DrzoO","2021-08-01 18:58:56","2021-08-24 04:58:59","Automation Specialist IV","deliver scalable relationships","f"
"150","Tom",NULL,"Fritschel","tfritschel45","8152999213","tfritschel45@patch.com","k8MkdyD5","2021-07-01 13:26:31","2021-08-19 14:20:40","Budget/Accounting Analyst III","strategize web-enabled functionalities","m"
"151","Mara",NULL,"Blench","mblench46","1937437729","mblench46@squidoo.com","Hc7dy7","2021-08-23 22:00:41","2021-07-24 06:39:40","Cost Accountant","facilitate real-time web services","f"
"152","Melva","Reily","Tarr","mtarr47","4399034439","mtarr47@foxnews.com","ZhvHPtfyDJ","2021-08-05 10:08:23","2021-08-18 00:48:39","Community Outreach Specialist","maximize real-time convergence","f"
"153","Clary",NULL,"Allam","callam48","8923088168","callam48@globo.com","xc8mdyy","2021-07-03 07:33:28",NULL,"Nurse","productize killer initiatives",NULL
"154","Ilsa",NULL,"Leversuch","ileversuch49","2067679985","ileversuch49@nsw.gov.au","p53ivxtB8hR","2021-07-01 23:16:38",NULL,"VP Accounting","e-enable holistic users",NULL
"155","Florina",NULL,"Maciaszek","fmaciaszek4a","5538910719","fmaciaszek4a@hibu.com","WFxzRS03EN","2021-08-17 14:03:06","2021-07-23 03:12:32","GIS Technical Architect","incentivize frictionless schemas","f"
"156","Kelila",NULL,"Gobert",NULL,"8744742710","kgobert4b@weibo.com","i4iYXl","2021-07-17 23:30:03",NULL,"Operator","brand back-end platforms",NULL
"157","Gaspar",NULL,"Hylton","ghylton4c","2404201976","ghylton4c@dailymail.co.uk","FnmriTosD","2021-07-12 06:12:32",NULL,"Professor","synthesize next-generation synergies","m"
"158","Dorian",NULL,"Searles","dsearles4d","9843297149","dsearles4d@wufoo.com","pgAeduDBU","2021-08-22 21:37:03",NULL,"Sales Associate","e-enable magnetic bandwidth","f"
"159","Padraig",NULL,"Raddish","praddish4e","2602993935","praddish4e@umn.edu","MAEGdlR","2021-08-10 22:35:53","2021-08-01 19:14:43","Quality Engineer","whiteboard user-centric systems",NULL
"160","Win",NULL,"Buncher","wbuncher4f","9695523242","wbuncher4f@tamu.edu","WeqAoR","2021-07-08 09:23:08","2021-08-17 16:23:47","Web Developer IV","whiteboard extensible e-business",NULL
"161","Adam","Daveridge","Corkan","acorkan4g","2915693196","acorkan4g@si.edu","zpQRTsOhUT2","2021-08-04 22:45:00","2021-08-20 21:33:33","Professor","engineer user-centric communities",NULL
"162","Nichol","Prewett","Maycock","nmaycock4h","8985026900","nmaycock4h@yahoo.com","17gxCIMHA8","2021-08-01 00:06:51","2021-07-11 08:22:48","Software Test Engineer IV","deliver sticky functionalities","f"
"163","Moss","Phin","Pendlenton","mpendlenton4i","7162275637","mpendlenton4i@bigcartel.com","OQ0NwzkhxG","2021-07-12 03:44:13",NULL,"Research Nurse","engineer holistic ROI",NULL
"164","Fernande",NULL,"Joules","fjoules4j","7708551305","fjoules4j@zdnet.com","UolH8F","2021-08-08 16:49:18",NULL,"Recruiting Manager","facilitate value-added architectures",NULL
"165","Becky",NULL,"Rackam","brackam4k","3457880779","brackam4k@ning.com","ZKZYd9iRCDB","2021-07-31 10:35:15","2021-08-22 10:44:29","Sales Representative","grow virtual methodologies",NULL
"166","Bebe",NULL,"Jurgen","bjurgen4l","7665790096","bjurgen4l@hao123.com","dl3KyhJtg9PN","2021-07-13 21:00:49",NULL,"Cost Accountant","transform synergistic vortals","f"
"167","Sibbie",NULL,"Grolle","sgrolle4m","5172232918","sgrolle4m@chicagotribune.com","dpvzezO6Som","2021-08-07 02:06:04","2021-07-10 01:21:40","Tax Accountant","e-enable holistic systems","f"
"168","Zondra","Canacott","McNysche",NULL,"4586973605","zmcnysche4n@amazon.com","jevXNiMvr","2021-08-11 04:06:23",NULL,"Technical Writer","visualize magnetic initiatives",NULL
"169","Dode",NULL,"Tavener","dtavener4o","3045477488","dtavener4o@nps.gov","0Ge110HmyZQk","2021-08-23 20:49:46",NULL,"Structural Analysis Engineer","iterate proactive solutions","f"
"170","Gayleen",NULL,"McGilvray","gmcgilvray4p","5552254904","gmcgilvray4p@dmoz.org","QPEGSr2Nz","2021-08-07 02:39:00","2021-07-28 08:50:21","Help Desk Operator","utilize vertical vortals",NULL
"171","Minnaminnie","Legate","Divill","mdivill4q","1053022003","mdivill4q@techcrunch.com","3KCXAW31P","2021-07-09 09:29:18","2021-08-20 05:32:57","Health Coach II","brand e-business infrastructures",NULL
"172","Billy",NULL,"Pudner","bpudner4r","3012008028","bpudner4r@com.com","ruVKkQFV","2021-08-01 16:48:57","2021-08-09 13:11:20","VP Sales","brand seamless e-business","f"
"173","Elana","Bernardotte","Heinz","eheinz4s","2621848268","eheinz4s@tamu.edu","QwyHI0","2021-07-09 06:11:00","2021-07-31 14:09:44","Food Chemist","mesh end-to-end experiences",NULL
"174","Rochette","Scanterbury","Benger","rbenger4t","6292773508","rbenger4t@flavors.me","0cJ3abuqxcCT","2021-08-10 00:45:08","2021-07-12 19:58:26","Business Systems Development Analyst","architect e-business networks",NULL
"175","Sean",NULL,"Iacobetto","siacobetto4u","6378136033","siacobetto4u@parallels.com","emXXBW","2021-07-10 21:44:03","2021-08-02 21:47:52","Administrative Officer","innovate out-of-the-box solutions",NULL
"176","Carmelina",NULL,"Winsper","cwinsper4v","2518090661","cwinsper4v@spotify.com","WQE68Knxk69","2021-07-27 02:31:00","2021-07-18 01:04:59","Mechanical Systems Engineer","visualize integrated platforms","f"
"177","Paxton",NULL,"Lydden","plydden4w","8508525041","plydden4w@sciencedaily.com","beiGj3Y0PA","2021-07-30 01:49:52",NULL,"Food Chemist","reinvent viral markets","m"
"178","Analise","Bloschke","O' Shea","aoshea4x","8424467185","aoshea4x@yolasite.com","iThe9HjOFx","2021-08-10 19:41:47","2021-07-19 19:40:48","Desktop Support Technician","innovate interactive networks","f"
"179","Maryjane",NULL,"Brooks","mbrooks4y","5437478366","mbrooks4y@biglobe.ne.jp","5rlTjttKA","2021-07-09 04:24:07",NULL,"VP Quality Control","recontextualize transparent platforms",NULL
"180","Chance","Stoneham","Burrage","cburrage4z","4662681599","cburrage4z@tinypic.com","GYu3udTLwKKB","2021-08-02 20:07:09",NULL,"Compensation Analyst","morph e-business content","m"
"181","Marj",NULL,"Shatliffe","mshatliffe50","5121496435","mshatliffe50@hibu.com","eG8Wvr09a","2021-07-20 11:45:02","2021-08-14 09:23:07","Financial Analyst","recontextualize efficient vortals",NULL
"182","Lucian",NULL,"Madgwich","lmadgwich51","9913128090","lmadgwich51@issuu.com","TED4g83hDPa","2021-07-12 14:07:51","2021-07-01 20:50:12","Assistant Manager","synergize killer eyeballs",NULL
"183","Bessie",NULL,"Innwood","binnwood52","2115367105","binnwood52@oaic.gov.au","p4sbMwCZT","2021-07-01 07:04:54",NULL,"Junior Executive","mesh strategic content",NULL
"184","Jeralee",NULL,"Benoit","jbenoit53","4083415486","jbenoit53@sun.com","x4LvFdB","2021-07-30 03:41:52","2021-08-13 19:41:47","Clinical Specialist","brand impactful paradigms","f"
"185","Farly",NULL,"Harrowell","fharrowell54","9603642268","fharrowell54@instagram.com","aXP7741aUG","2021-07-30 14:52:25","2021-08-23 09:07:44","Administrative Officer","unleash intuitive models",NULL
"186","Jareb","Nichol","Bridle","jbridle55","2633573346","jbridle55@is.gd","DvuRMTZyNr","2021-07-13 02:42:17","2021-07-12 04:36:14","Health Coach II","envisioneer revolutionary synergies",NULL
"187","Jenna",NULL,"Bawden","jbawden56","7665987600","jbawden56@who.int","5nXrCYu8","2021-08-08 16:28:24","2021-08-17 00:36:19","Dental Hygienist","synergize leading-edge networks",NULL
"188","Jeffrey",NULL,"Boerder",NULL,"8831036642","jboerder57@theatlantic.com","RVdyqh","2021-07-06 06:05:53","2021-07-23 17:59:56","Recruiting Manager","seize out-of-the-box solutions","m"
"189","Sidoney",NULL,"Gennerich","sgennerich58","3193057060","sgennerich58@tamu.edu","V3xdjKgr1Z","2021-08-13 18:40:08",NULL,"Product Engineer","implement dynamic technologies","f"
"190","Ronna",NULL,"Gamble","rgamble59","3747393440","rgamble59@sina.com.cn","l8PKVxzi","2021-08-19 21:30:13",NULL,"Help Desk Operator","incentivize ubiquitous experiences",NULL
"191","Chelsey",NULL,"Vittel","cvittel5a","6258379243","cvittel5a@comcast.net","krYvA7X3LhX","2021-07-21 02:01:24",NULL,"Quality Control Specialist","visualize visionary portals","f"
"192","George",NULL,"Studdard","gstuddard5b","7977961020","gstuddard5b@flickr.com","ZP4LxJrCLC","2021-07-14 16:00:41","2021-07-15 00:17:33","Health Coach II","aggregate mission-critical content",NULL
"193","Shelia",NULL,"Petrelli","spetrelli5c","1773823450","spetrelli5c@ca.gov","ZBpMFSffXBeX","2021-08-08 06:43:45","2021-08-19 06:10:16","Editor","matrix scalable functionalities",NULL
"194","Fancie","Spinnace","Ferruzzi","fferruzzi5d","2296896878","fferruzzi5d@dot.gov","6WuX7lt","2021-07-14 00:14:20","2021-08-20 16:03:02","Senior Editor","enable best-of-breed niches",NULL
"195","Misha",NULL,"Bouzek","mbouzek5e","5854975135","mbouzek5e@reference.com","6DIamBw6VQF","2021-08-22 04:39:37",NULL,"Systems Administrator III","exploit cross-platform initiatives","f"
"196","Sheri",NULL,"Clementi","sclementi5f","3488023797","sclementi5f@wikimedia.org","wsYYHFX3SWg","2021-07-19 18:16:42",NULL,"Geological Engineer","facilitate sexy vortals",NULL
"197","Nichols","Vodden","Hannigan","nhannigan5g","6063596406","nhannigan5g@go.com","L9KFHQgG","2021-08-01 15:56:32","2021-07-24 15:48:35","Human Resources Manager","scale wireless mindshare","m"
"198","Freida","Georgeot","Neilus","fneilus5h","6211065805","fneilus5h@wordpress.org","yDQqSM3R2","2021-07-16 02:09:11","2021-07-30 13:05:35","Human Resources Manager","seize customized platforms","f"
"199","Reta",NULL,"Bolstridge","rbolstridge5i","6581767697","rbolstridge5i@amazon.co.uk","kuFZcB","2021-08-19 18:59:59",NULL,"Food Chemist","productize bleeding-edge partnerships","f"
"200","Corabelle",NULL,"Duggan","cduggan5j","2788121779","cduggan5j@bigcartel.com","Tt8rnTLYm","2021-07-23 04:35:33",NULL,"Senior Editor","evolve holistic action-items",NULL
"201","Jory",NULL,"Dugood","jdugood5k","9251291564","jdugood5k@blog.com","mhchim","2021-07-21 19:15:09","2021-07-15 13:58:42","VP Product Management","strategize intuitive metrics",NULL
"202","Constance",NULL,"Middell","cmiddell5l","9562561180","cmiddell5l@360.cn","JJ0TdIYIX","2021-07-25 06:53:42","2021-07-29 03:53:34","Programmer I","cultivate killer eyeballs","f"
"203","Drusy",NULL,"Klassman","dklassman5m","2517335910","dklassman5m@acquirethisname.com","zN9Cpoxz","2021-08-15 04:42:00","2021-07-04 09:59:03","Research Assistant II","visualize vertical relationships","f"
"204","Francesca",NULL,"Edgler","fedgler5n","9372326350","fedgler5n@blogger.com","yMgHHSoIf","2021-08-06 07:28:56",NULL,"Structural Analysis Engineer","brand customized methodologies","f"
"205","Margaretha","Stanistrete","Malthus","mmalthus5o","8678641386","mmalthus5o@ycombinator.com","gqMv2EgKObS","2021-08-04 09:17:09","2021-08-19 02:10:17","Business Systems Development Analyst","orchestrate global web services","f"
"206","Tucky",NULL,"Scarr","tscarr5p","4812476159","tscarr5p@sourceforge.net","EFJwg6Lv6S","2021-07-28 14:50:39",NULL,"Professor","streamline plug-and-play infrastructures","m"
"207","Dion","Stickney","Beumant","dbeumant5q","6842004598","dbeumant5q@a8.net","Ap79ridzHLm","2021-07-21 04:07:55","2021-07-01 10:52:22","Electrical Engineer","revolutionize dynamic initiatives","f"
"208","Adelind",NULL,"Towse","atowse5r","2197756383","atowse5r@mozilla.com","EZICHq","2021-08-09 12:15:56",NULL,"Information Systems Manager","leverage turn-key architectures","f"
"209","Marten",NULL,"Klimontovich",NULL,"5096237976","mklimontovich5s@lycos.com","5SAu5WWYsCp","2021-07-12 19:08:36","2021-07-18 21:22:18","Sales Associate","iterate scalable e-markets","m"
"210","Evangelina",NULL,"Kopisch","ekopisch5t","9993342356","ekopisch5t@va.gov","J5gpuzKxyFi","2021-07-11 21:30:07","2021-08-04 09:23:38","Desktop Support Technician","redefine real-time e-business",NULL
"211","Garv",NULL,"Giraudat","ggiraudat5u","4519123222","ggiraudat5u@trellian.com","fKWAqxmCJrj","2021-08-10 13:30:20","2021-08-23 08:20:43","Recruiter","iterate strategic communities",NULL
"212","Gabey",NULL,"Caulket","gcaulket5v","5675221070","gcaulket5v@tinypic.com","jODud8KN1yx","2021-07-25 06:16:18",NULL,"Geological Engineer","morph innovative action-items",NULL
"213","Howard",NULL,"Inkles","hinkles5w","3561832807","hinkles5w@springer.com","iPfYm4d9kU","2021-07-21 12:15:14","2021-07-09 08:23:55","Accountant I","brand efficient users","m"
"214","Gerald","Gandrich","Watters","gwatters5x","7915089162","gwatters5x@ihg.com","An2qP37r","2021-07-29 19:33:52","2021-08-13 13:19:22","Financial Analyst","facilitate proactive e-business","m"
"215","Lurline",NULL,"Kingdom",NULL,"3301872540","lkingdom5y@ebay.com","y87Umf2yev","2021-07-01 08:48:31","2021-07-06 03:19:10","Quality Engineer","implement dynamic initiatives","f"
"216","Jaclin","Adamolli","Dobby","jdobby5z","4894385098","jdobby5z@ucsd.edu","X0XO3d6md","2021-08-23 13:25:26","2021-07-15 08:50:40","Sales Associate","scale plug-and-play methodologies","f"
"217","Lenci",NULL,"Calfe","lcalfe60","7682213003","lcalfe60@nps.gov","b1IwW3ybWtPZ","2021-08-21 09:20:36","2021-08-07 21:13:51","Safety Technician IV","implement robust communities","m"
"218","Zach",NULL,"Keford","zkeford61","4613523191","zkeford61@timesonline.co.uk","V8Qh9abbWXlP","2021-07-06 11:47:35",NULL,"Recruiting Manager","innovate sticky models","m"
"219","Peggi",NULL,"Rapelli",NULL,"6343634257","prapelli62@google.co.uk","mMGj6ar8f","2021-08-02 09:32:40",NULL,"Registered Nurse","brand out-of-the-box experiences","f"
"220","Johnna","Cruikshanks","Guilayn","jguilayn63","1931545297","jguilayn63@etsy.com","p50NsEkz5","2021-07-19 19:49:25","2021-07-19 03:35:03","Developer II","revolutionize extensible e-tailers",NULL
"221","Ernestine",NULL,"Korpolak","ekorpolak64","7069925842","ekorpolak64@pcworld.com","EHX04gnUhaP","2021-07-30 21:01:41","2021-07-12 15:38:00","Chemical Engineer","innovate real-time networks",NULL
"222","Elinore",NULL,"Sineath","esineath65","1972436013","esineath65@spiegel.de","xfep44soQiJh","2021-08-21 03:23:08",NULL,"Payment Adjustment Coordinator","transform strategic action-items","f"
"223","Rebekkah","Handasyde","Nolton","rnolton66","6998526114","rnolton66@mediafire.com","XMM9LK6Mp","2021-07-29 09:37:34","2021-08-12 05:16:54","Registered Nurse","engage synergistic e-services",NULL
"224","Collette",NULL,"Reach","creach67","8432482341","creach67@aboutads.info","3sVBQfFjac","2021-07-17 08:16:42","2021-08-22 16:16:41","Structural Engineer","synthesize end-to-end schemas","f"
"225","Dianemarie",NULL,"Monteaux","dmonteaux68","5273196362","dmonteaux68@msn.com","eJng4klIXHFj","2021-07-15 23:50:19","2021-08-08 10:03:17","Health Coach III","expedite integrated e-services","f"
"226","Edna",NULL,"Balnave","ebalnave69","6503911029","ebalnave69@sbwire.com","11aKWudqVrvZ","2021-07-21 22:42:59","2021-07-26 07:24:38","Occupational Therapist","generate collaborative e-tailers",NULL
"227","Cletus",NULL,"Bestwerthick","cbestwerthick6a","6961253929","cbestwerthick6a@rediff.com","4cTKSVV","2021-07-09 10:36:23",NULL,"Help Desk Technician","deliver 24/7 mindshare","m"
"228","Ilyssa","Gauvin","Lidell","ilidell6b","2942167103","ilidell6b@springer.com","9c0PckPKosn","2021-07-15 09:59:50",NULL,"Sales Associate","transition bleeding-edge channels",NULL
"229","Gennifer",NULL,"O'Longain","golongain6c","7406635961","golongain6c@paginegialle.it","IGaW9pB","2021-07-06 03:05:37",NULL,"Social Worker","harness e-business metrics","f"
"230","Juli","Wreight","Paumier","jpaumier6d","7279949273","jpaumier6d@cmu.edu","VNBAcHHb34","2021-07-12 22:50:20","2021-07-18 18:07:01","Registered Nurse","synergize real-time technologies",NULL
"231","Toiboid","Putland","Cancellieri","tcancellieri6e","3806320384","tcancellieri6e@nydailynews.com","gW1pruzhDCNL","2021-07-24 01:05:25","2021-07-14 09:42:38","Account Representative IV","extend killer platforms",NULL
"232","Kara",NULL,"Brunsden","kbrunsden6f","9205770640","kbrunsden6f@weibo.com","SEJ2Ow","2021-07-20 00:57:06","2021-07-13 15:33:48","Help Desk Technician","mesh interactive infrastructures",NULL
"233","Ralina",NULL,"Gummie","rgummie6g","2909621252","rgummie6g@biblegateway.com","E4i54VQ2lbGu","2021-07-27 04:50:32","2021-07-21 13:05:06","Assistant Media Planner","productize efficient platforms","f"
"234","Mateo",NULL,"Fitzroy","mfitzroy6h","7616029246","mfitzroy6h@bandcamp.com","04M6Wo5eZfor","2021-07-05 01:14:38","2021-07-06 03:27:16","Dental Hygienist","empower bricks-and-clicks content",NULL
"235","Abel","Knoles","Janiak","ajaniak6i","8482582954","ajaniak6i@jalbum.net","IXIHRk2x","2021-07-01 21:40:44",NULL,"Developer IV","scale open-source e-commerce",NULL
"236","Dionis",NULL,"Ference","dference6j","4201522821","dference6j@seesaa.net","B5hcwrAY","2021-07-06 06:44:50","2021-08-24 22:14:44","Web Developer II","deploy holistic communities","f"
"237","Isabel","Roby","Peniman",NULL,"9589475840","ipeniman6k@prweb.com","8T7UYRk","2021-08-15 21:18:42","2021-08-17 20:43:32","Office Assistant III","expedite turn-key e-services","f"
"238","Rosalyn",NULL,"Boissier","rboissier6l","7366063670","rboissier6l@ted.com","OkC8B02J2u","2021-07-30 12:55:46","2021-08-14 10:46:06","Professor","enable 24/365 users",NULL
"239","Antonia",NULL,"Tivers","ativers6m","3907511884","ativers6m@google.ca","eWBC1roo","2021-08-03 00:58:44","2021-07-26 17:45:31","Technical Writer","aggregate enterprise infrastructures","f"
"240","Elisabetta",NULL,"Docksey","edocksey6n","1561244862","edocksey6n@macromedia.com","us6FW2sWO","2021-07-21 05:07:16","2021-08-01 08:11:25","Administrative Officer","integrate frictionless partnerships",NULL
"241","Glad","Casarini","Wrightem","gwrightem6o","5636513611","gwrightem6o@csmonitor.com","n31kWK0","2021-08-13 12:41:57","2021-07-23 00:41:13","Administrative Assistant III","empower front-end models","f"
"242","Marne","Leroy","Klezmski",NULL,"4964507961","mklezmski6p@nsw.gov.au","UM0isoqMw","2021-08-08 08:35:31","2021-07-23 13:28:54","Internal Auditor","transition clicks-and-mortar eyeballs","f"
"243","Brennen","Punyer","Turnbull","bturnbull6q","5332637005","bturnbull6q@youku.com","Jd8egTYQJg","2021-07-22 22:36:00",NULL,"Account Coordinator","recontextualize 24/365 interfaces",NULL
"244","Danice",NULL,"Trathen","dtrathen6r","7156316712","dtrathen6r@mapy.cz","R07pJB","2021-08-20 13:47:29",NULL,"Financial Analyst","scale impactful experiences",NULL
"245","Idalina",NULL,"Bangs","ibangs6s","2649646536","ibangs6s@opera.com","przLXTfD0JU","2021-07-19 10:56:09","2021-08-13 11:12:07","Staff Accountant III","target revolutionary synergies",NULL
"246","Ursola",NULL,"Luckett","uluckett6t","8127740010","uluckett6t@google.co.jp","w49JUxmQDk","2021-07-07 06:28:30","2021-08-15 19:46:47","Technical Writer","monetize out-of-the-box supply-chains","f"
"247","Auria","Bruster","Farrand",NULL,"3507697540","afarrand6u@yahoo.com","YiNagVvkwaG","2021-07-30 09:23:15","2021-07-28 00:06:06","Paralegal","exploit B2C synergies","f"
"248","Arne","Willmot","Pitchford","apitchford6v","6569111899","apitchford6v@baidu.com","rWCjD9f","2021-08-21 18:26:54","2021-07-08 00:49:14","Information Systems Manager","empower value-added e-markets","m"
"249","Valentino",NULL,"Canelas","vcanelas6w","7792715560","vcanelas6w@huffingtonpost.com","xRkA2TU1f","2021-07-11 18:31:15","2021-07-18 09:19:50","Accountant I","reintermediate 24/365 e-business","m"
"250","Berny",NULL,"Eakley","beakley6x","7697004327","beakley6x@ed.gov","wKNWH8VZpk7","2021-07-29 01:13:22","2021-08-19 05:12:43","Assistant Media Planner","syndicate leading-edge schemas","f"
"251","Janaye","Giovannini","Haggerty","jhaggerty6y","7138456733","jhaggerty6y@abc.net.au","OgvOfoHHj","2021-07-10 14:42:13","2021-07-29 11:55:26","Social Worker","streamline mission-critical ROI",NULL
"252","Konstantine",NULL,"Klosser","kklosser6z","5121599721","kklosser6z@webeden.co.uk","T2pwJVT26cLM","2021-07-13 13:12:06","2021-07-05 18:02:42","Senior Developer","brand seamless communities",NULL
"253","Welby","Kenvin","Baume","wbaume70","3163582273","wbaume70@de.vu","jbrg4mWygXSt","2021-07-10 18:04:23","2021-07-07 18:45:22","Assistant Manager","incubate magnetic channels","m"
"254","Lidia",NULL,"Loughnan",NULL,"6075482940","lloughnan71@soundcloud.com","PKcWGep","2021-07-21 13:13:13",NULL,"Account Coordinator","transform collaborative supply-chains","f"
"255","Dilan",NULL,"Leidl","dleidl72","3894336316","dleidl72@army.mil","XxcneRfrp9Yq","2021-07-24 03:58:26",NULL,"Associate Professor","envisioneer ubiquitous applications","m"
"256","Nester",NULL,"Holtaway","nholtaway73","8782009682","nholtaway73@imdb.com","aQ1SxL","2021-07-17 12:53:43","2021-08-10 15:35:39","Business Systems Development Analyst","cultivate sexy schemas",NULL
"257","Matty",NULL,"Drage","mdrage74","4735484507","mdrage74@free.fr","rD5J15pcN","2021-07-15 09:56:06","2021-08-15 21:30:57","Project Manager","engineer back-end networks",NULL
"258","Jervis","Kubista","Sheran","jsheran75","6721081020","jsheran75@last.fm","oDmQ5yGOMG","2021-07-26 18:00:32",NULL,"Nuclear Power Engineer","innovate value-added technologies",NULL
"259","Osbourne","Bauckham","Mortimer","omortimer76","1144449841","omortimer76@freewebs.com","Df8D4mIE","2021-08-23 10:12:51","2021-08-17 07:24:10","Sales Associate","cultivate visionary initiatives","m"
"260","Rhea",NULL,"Cossins","rcossins77","5612818468","rcossins77@oaic.gov.au","Sntpkn","2021-08-23 03:37:01","2021-07-16 02:29:26","Research Associate","seize sexy solutions",NULL
"261","Omero",NULL,"Behling","obehling78","8418709728","obehling78@patch.com","JwLyxQ","2021-08-02 19:44:56","2021-07-01 14:11:00","Programmer Analyst II","revolutionize visionary initiatives","m"
"262","Pieter",NULL,"Moens","pmoens79","9961135715","pmoens79@stanford.edu","AECkQLZ","2021-08-16 08:48:32","2021-07-27 03:16:35","Quality Control Specialist","generate global channels","m"
"263","Arda",NULL,"Fillan","afillan7a","3428715432","afillan7a@mayoclinic.com","g57L1YCe","2021-07-10 11:55:30","2021-07-06 13:57:30","Software Engineer III","repurpose distributed synergies","f"
"264","Carolyn","McDuffy","Kinkaid",NULL,"5698809722","ckinkaid7b@freewebs.com","l8biMD4wQK","2021-07-13 01:22:13","2021-07-21 19:05:23","Geologist III","matrix strategic partnerships","f"
"265","Ichabod",NULL,"Nollet","inollet7c","1841813699","inollet7c@nbcnews.com","sjdE2MpGfCrf","2021-08-01 02:47:25","2021-08-02 06:21:32","Desktop Support Technician","maximize strategic models","m"
"266","Cathrin","Heinreich","Jess","cjess7d","4299610343","cjess7d@google.cn","UPZFCRaUmR","2021-08-09 07:22:21","2021-07-24 23:46:47","Programmer Analyst I","unleash best-of-breed content","f"
"267","Marjory",NULL,"Pelos","mpelos7e","2392238790","mpelos7e@slate.com","AowHo6keU","2021-07-07 20:59:14",NULL,"Electrical Engineer","transform plug-and-play eyeballs",NULL
"268","Reider",NULL,"Pagitt",NULL,"2928208974","rpagitt7f@imageshack.us","OU361JGCC2lf","2021-07-12 13:01:41","2021-08-24 00:43:48","VP Sales","brand compelling bandwidth","m"
"269","Roland","MacGillacolm","Lessmare","rlessmare7g","2428762443","rlessmare7g@issuu.com","AWeYJh1V3wmH","2021-07-09 21:10:29","2021-07-20 02:42:10","Analyst Programmer","deploy web-enabled e-markets","m"
"270","Valeda",NULL,"Kilshall","vkilshall7h","5399675483","vkilshall7h@adobe.com","72VPz0Ssfz98","2021-07-04 19:30:48","2021-08-01 02:21:10","Computer Systems Analyst IV","synergize dot-com partnerships",NULL
"271","Stillman","Goghin","Bromige","sbromige7i","2233590996","sbromige7i@myspace.com","7aUNgYOSFbtP","2021-07-07 11:36:24","2021-07-03 05:48:01","Systems Administrator I","iterate turn-key eyeballs","m"
"272","Marin",NULL,"Tilbury","mtilbury7j","4159588507","mtilbury7j@umich.edu","463SP7dt3WVl","2021-07-02 07:51:24",NULL,"Senior Financial Analyst","repurpose magnetic relationships","f"
"273","Elvina","Cayet","Ridoutt","eridoutt7k","6897236795","eridoutt7k@godaddy.com","Im9lme91V7","2021-08-12 20:23:28","2021-08-13 10:51:17","Health Coach I","seize open-source relationships","f"
"274","Marty",NULL,"Goodhand",NULL,"4089949217","mgoodhand7l@un.org","szoMQt6Tz","2021-07-07 12:51:47","2021-08-10 14:13:16","Structural Engineer","architect B2C infrastructures",NULL
"275","Celisse",NULL,"Fodden","cfodden7m","9703687104","cfodden7m@yelp.com","S49COW7XpqqK","2021-07-24 13:27:15","2021-07-02 21:10:49","Social Worker","integrate visionary vortals","f"
"276","Domingo",NULL,"Braithwait","dbraithwait7n","4576241200","dbraithwait7n@qq.com","wXbGik","2021-07-19 23:49:17","2021-07-04 10:56:38","Clinical Specialist","recontextualize wireless technologies","m"
"277","Wes",NULL,"Renyard","wrenyard7o","7379601729","wrenyard7o@chron.com","3sxcieNGIg","2021-07-08 02:34:21",NULL,"Assistant Manager","embrace compelling portals",NULL
"278","Kary",NULL,"Gossipin","kgossipin7p","3925065907","kgossipin7p@nyu.edu","Uv1KzC0","2021-08-15 11:53:16","2021-08-12 13:54:17","Human Resources Manager","streamline dynamic platforms","f"
"279","Joleen",NULL,"Carlo","jcarlo7q","8994404693","jcarlo7q@weibo.com","CysP8SA","2021-07-13 12:17:00","2021-08-18 20:45:25","Account Representative II","morph frictionless bandwidth","f"
"280","Tessi",NULL,"Lohering","tlohering7r","5784586669","tlohering7r@slashdot.org","sOdKVEDFCqby","2021-08-17 07:10:42",NULL,"Biostatistician I","innovate global architectures",NULL
"281","Brande",NULL,"Keveren","bkeveren7s","3107720404","bkeveren7s@privacy.gov.au","ThXgrCA","2021-07-25 08:04:39",NULL,"Engineer IV","strategize out-of-the-box interfaces","f"
"282","Ardine",NULL,"Maine","amaine7t","7037865812","amaine7t@weather.com","QuA5nIEh0W","2021-07-28 13:32:25","2021-08-09 13:28:21","Database Administrator I","harness visionary initiatives",NULL
"283","Rick",NULL,"Whilder","rwhilder7u","1355339303","rwhilder7u@globo.com","KkaO4yO0Z","2021-07-10 13:23:28","2021-07-26 04:55:34","Software Engineer I","synergize distributed initiatives",NULL
"284","Albie",NULL,"Hynard","ahynard7v","3888224377","ahynard7v@meetup.com","uThDD4F0ghT","2021-08-17 09:36:58",NULL,"VP Quality Control","incentivize integrated technologies",NULL
"285","Winston","Parmley","Autie","wautie7w","9289268917","wautie7w@behance.net","eUVSrnAuc9E","2021-07-30 13:27:02","2021-07-01 03:10:48","Tax Accountant","facilitate bleeding-edge content","m"
"286","Hollis",NULL,"Isaq","hisaq7x","5156137957","hisaq7x@hud.gov","beTlbMdfoQN","2021-08-02 22:45:13",NULL,"Engineer III","strategize enterprise ROI",NULL
"287","Luciano","Eburne","Purdon",NULL,"2068775473","lpurdon7y@soundcloud.com","S2A9y49I","2021-07-09 00:56:37",NULL,"Librarian","leverage frictionless architectures","m"
"288","Doloritas",NULL,"Murtell","dmurtell7z","1623877575","dmurtell7z@tuttocitta.it","kJ6RAvDlRDo9","2021-07-23 19:06:05",NULL,"Account Executive","mesh wireless solutions","f"
"289","Menard",NULL,"Tandey","mtandey80","2776240164","mtandey80@vinaora.com","OSn5BlANnr54","2021-07-14 12:14:52",NULL,"VP Quality Control","utilize proactive mindshare",NULL
"290","Chaddie",NULL,"MacPaike","cmacpaike81","5184230722","cmacpaike81@lulu.com","hjvsFh","2021-08-20 02:31:59",NULL,"Programmer Analyst III","exploit web-enabled initiatives","m"
"291","Esdras",NULL,"Petran","epetran82","3738720810","epetran82@blogger.com","Bc00iDQ","2021-08-05 10:41:58","2021-07-02 07:33:32","Speech Pathologist","envisioneer cross-platform infrastructures","m"
"292","Shayna",NULL,"O'Towey","sotowey83","9436740477","sotowey83@marketwatch.com","yRbdMM","2021-07-17 02:25:09","2021-07-02 14:07:10","Software Consultant","engage visionary supply-chains",NULL
"293","Zane",NULL,"Sends","zsends84","8663219942","zsends84@purevolume.com","edEiIC","2021-08-12 09:09:54",NULL,"Pharmacist","maximize cutting-edge architectures","m"
"294","Addie","Portugal","Eixenberger","aeixenberger85","7909819084","aeixenberger85@uol.com.br","XQqkyxKDRj","2021-08-09 23:02:36","2021-08-14 17:23:02","Desktop Support Technician","generate e-business networks","m"
"295","Christiana",NULL,"Mumbeson","cmumbeson86","3666302982","cmumbeson86@geocities.com","rkWMN68D","2021-07-20 13:46:10",NULL,"Geological Engineer","evolve ubiquitous schemas",NULL
"296","Shandee","Edgerton","Corthes",NULL,"8483942979","scorthes87@bloglovin.com","9XBmt0FyLU","2021-07-20 06:14:17",NULL,"VP Quality Control","maximize holistic e-business","f"
"297","Olin",NULL,"Guilbert",NULL,"2673991242","oguilbert88@imdb.com","ySajtXi5uw","2021-07-09 22:47:59","2021-08-11 08:18:54","Account Representative II","architect efficient solutions","m"
"298","Horatio",NULL,"Rooms","hrooms89","7683942245","hrooms89@shareasale.com","m4OIi1","2021-07-18 02:17:19","2021-08-19 04:08:21","Web Designer I","deploy plug-and-play metrics","m"
"299","Onfre",NULL,"Oldershaw","ooldershaw8a","1398327539","ooldershaw8a@google.co.jp","9pQ9Wc","2021-07-14 12:59:31",NULL,"Safety Technician I","grow web-enabled content","m"
"300","Rab","O'Hear","Harbertson","rharbertson8b","8506232304","rharbertson8b@ihg.com","s8fs6dxFP","2021-07-21 21:37:07","2021-07-15 11:09:29","Civil Engineer","monetize e-business mindshare","m"
